Voltage_measured,Current_measured,Temperature_measured,Current_charge,Voltage_charge,Time
3.252719283,-0.002306137,10.14559378,-0.0006,0.002,0
3.500438725,1.490410125,10.11128318,1.4995,4.402,2.578
3.556958411,1.490457533,10.08448953,1.4995,4.491,8.968
3.593446682,1.49058038,10.0309003,1.4995,4.517,15.281
3.624123984,1.491284261,9.951096686,1.4995,4.555,21.609
3.651046513,1.492080769,9.887332144,1.4995,4.58,27.89
3.675045085,1.492705512,9.843658841,1.4995,4.605,34.187
3.69699237,1.490219241,9.778250916,1.4995,4.631,40.484
3.71701308,1.489964198,9.734717433,1.4995,4.643,46.781
3.735439007,1.491912268,9.660352944,1.4995,4.669,53.062
3.75253695,1.491260437,9.613424813,1.4995,4.681,59.359
3.768575392,1.490487232,9.540883458,1.4995,4.694,65.64
3.783709966,1.489608269,9.486424653,1.4995,4.707,71.937
3.797726897,1.490930468,9.478507183,1.4995,4.719,78.203
3.811144891,1.49143083,9.403174033,1.4995,4.745,84.484
3.823560775,1.489602617,9.37192142,1.4995,4.757,90.765
3.83544885,1.492093436,9.302370941,1.4995,4.757,97.031
3.846878933,1.490763498,9.276527511,1.4995,4.77,103.312
3.857657103,1.491502522,9.236318416,1.4995,4.783,109.578
3.867535715,1.489683521,9.191893258,1.4995,4.796,115.843
3.877010063,1.489375574,9.131693897,1.4995,4.808,122.125
3.886167135,1.49083807,9.10134862,1.4995,4.821,128.39
3.894588025,1.491812437,9.051298879,1.4995,4.821,134.656
3.902719005,1.490516862,9.010594487,1.4995,4.834,140.953
3.909967256,1.491386509,8.985640578,1.4995,4.834,147.218
3.917375373,1.491161318,8.944671963,1.4995,4.846,153.89
3.923911938,1.490577151,8.914201233,1.4995,4.846,160.265
3.930202754,1.490934331,8.895322088,1.4995,4.859,166.64
3.935840666,1.490563301,8.873915964,1.4995,4.859,173.093
3.941261362,1.490513497,8.853917924,1.4995,4.859,179.468
3.946053546,1.492988454,8.793562433,1.4995,4.872,185.921
3.950705899,1.491405064,8.770765615,1.4995,4.872,192.312
3.954897913,1.492189806,8.746856174,1.4995,4.872,198.765
3.958499043,1.490162458,8.729730154,1.4995,4.884,205.171
3.962049343,1.491271551,8.692787049,1.4995,4.884,211.546
3.965346061,1.492493563,8.669681538,1.4995,4.884,217.984
3.968385453,1.491545981,8.639176776,1.4995,4.897,224.39
3.971092143,1.490875834,8.616813218,1.4995,4.897,230.828
3.974069893,1.491878835,8.603639978,1.4995,4.897,237.234
3.97654622,1.492051776,8.58148008,1.4995,4.897,243.625
3.979032307,1.490719734,8.561872864,1.4995,4.91,250.078
3.981451458,1.491418377,8.545637036,1.4995,4.91,256.437
3.983731076,1.491414565,8.520999307,1.4995,4.91,262.796
3.986110483,1.492755437,8.494854725,1.4995,4.91,269.203
3.988155736,1.492602333,8.460801475,1.4995,4.91,275.64
3.990372438,1.492355342,8.441227888,1.4995,4.91,282.046
3.992391905,1.492420909,8.439744054,1.4995,4.922,288.437
3.994703995,1.492928859,8.428042379,1.4995,4.922,294.843
3.99667754,1.492440937,8.414547458,1.4995,4.922,301.25
3.998798378,1.491133388,8.39276894,1.4995,4.922,307.593
4.000885312,1.491069263,8.394236468,1.4995,4.922,314
4.002638871,1.490565453,8.387978957,1.4995,4.935,320.39
4.004954912,1.490885863,8.376336867,1.4995,4.935,326.765
4.006915834,1.489542,8.361578696,1.4995,4.935,333.156
4.008894496,1.492263871,8.350250809,1.4995,4.935,339.562
4.01075099,1.490357595,8.35019329,1.4995,4.935,345.968
4.012664938,1.489025637,8.331420393,1.4995,4.935,352.343
4.014526853,1.490965312,8.31130829,1.4995,4.948,358.687
4.016311072,1.492232323,8.307474207,1.4995,4.948,365.14
4.018604021,1.491826599,8.288321955,1.4995,4.948,371.5
4.020216239,1.489803579,8.312558678,1.4995,4.948,377.906
4.022213152,1.493517529,8.284744802,1.4995,4.948,384.296
4.023998121,1.490384793,8.295532446,1.4995,4.948,390.64
4.0258069,1.489090658,8.275780306,1.4995,4.948,397.046
4.027893305,1.491515862,8.283213699,1.4995,4.948,403.468
4.029934627,1.495384947,8.287223356,1.4995,4.948,409.843
4.031399272,1.48977473,8.28216809,1.4995,4.948,416.25
4.033033058,1.490283929,8.286381957,1.4995,4.96,422.625
4.034976827,1.494006581,8.232260543,1.4995,4.96,428.968
4.036862141,1.492176335,8.274393579,1.4995,4.96,435.359
4.038410085,1.490463629,8.2272127,1.4995,4.96,441.75
4.040183204,1.494134132,8.23028037,1.4995,4.96,448.109
4.042026456,1.493336282,8.198322018,1.4995,4.96,454.515
4.043717595,1.494713584,8.193809634,1.4995,4.96,460.875
4.045355432,1.492920362,8.190327599,1.4995,4.96,467.234
4.046826722,1.491181039,8.164226717,1.4995,4.96,473.625
4.048596341,1.492108534,8.17488253,1.4995,4.96,480.062
4.050143059,1.49085558,8.174900451,1.4995,4.96,486.406
4.051676407,1.490292589,8.184727922,1.4995,4.96,492.812
4.053519281,1.492702708,8.173169243,1.4995,4.973,499.187
4.054875791,1.490585354,8.187714898,1.4995,4.973,505.562
4.056312833,1.490541122,8.167263728,1.4995,4.973,511.953
4.058003356,1.490397064,8.149725895,1.4995,4.973,518.328
4.059325345,1.490314045,8.147351008,1.4995,4.973,524.671
4.061030085,1.49174389,8.152327786,1.4995,4.973,531.078
4.062529211,1.491876872,8.151191463,1.4995,4.973,537.453
4.063755034,1.489646383,8.184837212,1.4995,4.973,543.796
4.065245164,1.493877969,8.185520092,1.4995,4.973,550.203
4.066550673,1.491998583,8.162601311,1.4995,4.973,556.578
4.067901622,1.49230003,8.163745828,1.4995,4.986,563.015
4.069281369,1.492090884,8.182950582,1.4995,4.986,569.421
4.070566234,1.492519831,8.185541399,1.4995,4.986,575.765
4.071913699,1.489389217,8.187126415,1.4995,4.986,582.171
4.07331356,1.495911123,8.1717585,1.4995,4.986,588.531
4.074702439,1.493411825,8.197347593,1.4995,4.986,594.875
4.07576301,1.489721473,8.185218466,1.4995,4.986,601.281
4.076769238,1.490440088,8.214587466,1.4995,4.986,607.671
4.077910947,1.49008137,8.198495451,1.4995,4.986,614.015
4.079163207,1.492716754,8.206561911,1.4995,4.986,620.421
4.080373395,1.490589882,8.208224478,1.4995,4.986,626.781
4.081507776,1.493024361,8.207069298,1.4995,4.986,633.187
4.082637966,1.49005146,8.20450162,1.4995,4.998,639.562
4.083724534,1.491151659,8.220808072,1.4995,4.998,645.906
4.084917321,1.491283903,8.251402498,1.4995,4.998,652.296
4.085758293,1.492547854,8.239952371,1.4995,4.998,658.703
4.086893589,1.492337105,8.237249341,1.4995,4.998,665.046
4.088013785,1.49282117,8.244656569,1.4995,4.998,671.468
4.08893283,1.490812971,8.270562535,1.4995,4.998,677.828
4.09013489,1.490639117,8.252093603,1.4995,4.998,684.171
4.091184285,1.492891365,8.265795219,1.4995,4.998,690.609
4.092027637,1.492229931,8.290083906,1.4995,4.998,697
4.092859418,1.491668782,8.302118567,1.4989,4.998,703.359
4.093572452,1.489761803,8.287950675,1.4973,4.998,709.703
4.094419059,1.488708729,8.30246068,1.4962,4.998,716.109
4.095175627,1.488135893,8.279388652,1.4946,4.998,722.5
4.09582269,1.486605725,8.292127303,1.494,4.998,728.843
4.096623346,1.484333343,8.336247054,1.4929,4.998,735.25
4.097441247,1.484753748,8.333994808,1.4924,4.998,741.625
4.098205888,1.483772941,8.32270069,1.4918,4.998,747.968
4.09882284,1.483751964,8.336859925,1.4907,4.998,754.375
4.099505069,1.480471084,8.352207864,1.4897,4.998,760.75
4.100208215,1.479493428,8.354063872,1.4875,4.998,767.125
4.100639176,1.478027598,8.335871441,1.4864,4.998,773.515
4.101312359,1.476616973,8.33147024,1.4842,4.998,779.89
4.10197403,1.475633167,8.348090175,1.4837,4.998,786.234
4.102573929,1.475306342,8.361392212,1.482,4.998,792.625
4.103352594,1.473634831,8.388537681,1.4815,4.998,799.031
4.10377826,1.469973886,8.402334317,1.4798,4.998,805.39
4.104504144,1.470733473,8.40298176,1.4793,4.998,811.828
4.105221566,1.469185466,8.405053538,1.4788,4.998,818.203
4.105629011,1.468068648,8.411787125,1.4777,4.998,824.546
4.106269164,1.469727849,8.411078607,1.4766,4.998,830.937
4.107080481,1.470315742,8.419220962,1.4766,4.998,837.312
4.107570347,1.468395397,8.381874932,1.4749,4.998,843.64
4.108119992,1.466412237,8.30244625,1.4749,4.998,850.046
4.108934966,1.464086812,8.175395976,1.4733,4.998,856.421
4.109485866,1.465145165,8.061474133,1.4717,4.998,862.765
4.110419824,1.463424347,7.930301966,1.4706,4.998,869.187
4.111250099,1.462661842,7.863980654,1.4695,4.998,875.578
4.111801662,1.460688197,7.826989605,1.4679,4.998,881.906
4.112694465,1.460313222,7.772381453,1.4673,4.998,888.343
4.113611599,1.459546061,7.693044365,1.4662,4.998,894.718
4.114491721,1.457018097,7.627722453,1.4646,4.998,901.062
4.11558805,1.456372616,7.561340784,1.464,4.998,907.5
4.116259916,1.453524897,7.534827769,1.4619,4.998,913.875
4.117187462,1.450701306,7.472012464,1.4608,4.998,920.281
4.118071456,1.451142724,7.39919635,1.4597,4.998,926.687
4.119025536,1.449687927,7.354790651,1.4586,4.998,933.031
4.120143363,1.449471302,7.278578655,1.457,4.998,939.437
4.121075379,1.448055443,7.23135837,1.4559,4.998,945.828
4.121988039,1.447303431,7.18242553,1.4537,4.998,952.187
4.122864982,1.443843245,7.169133406,1.4526,4.998,958.578
4.123797922,1.442382342,7.109160027,1.451,4.998,964.984
4.124787906,1.441280323,7.064312967,1.4493,4.998,971.328
4.12567219,1.439688623,7.008233074,1.4477,4.998,977.718
4.12677957,1.437252029,6.953434235,1.445,4.998,984.125
4.127503571,1.435713826,6.893771462,1.4439,4.998,990.531
4.128751111,1.43548967,6.856596928,1.4433,5.011,996.953
4.129833303,1.433512165,6.80647195,1.4417,4.998,1003.375
4.130729624,1.432433534,6.760541569,1.4401,4.998,1009.765
4.132024896,1.429838182,6.732797338,1.439,4.998,1016.171
4.132809635,1.429131132,6.781425748,1.4373,4.998,1022.562
4.133792887,1.428516848,6.844400011,1.4362,4.998,1029
4.134608004,1.426374352,6.935815537,1.4346,4.998,1035.437
4.135516972,1.424947037,7.005810527,1.4335,4.998,1041.781
4.136583296,1.424980373,7.041696123,1.4324,4.998,1048.125
4.137348603,1.422181217,7.068264402,1.4308,4.998,1054.484
4.137856148,1.42205426,7.08451732,1.4297,5.011,1060.859
4.138757394,1.420810981,7.105870971,1.4286,4.998,1067.281
4.139496053,1.418107107,7.140937743,1.427,5.011,1073.671
4.140200539,1.417821991,7.15439982,1.4253,5.011,1080.062
4.140847479,1.418394858,7.195320389,1.4242,4.998,1086.453
4.141549638,1.414384543,7.228282561,1.4232,4.998,1092.843
4.142231367,1.413627756,7.215258349,1.4221,4.998,1099.25
4.142693994,1.412862714,7.245948367,1.4204,4.998,1105.64
4.143586661,1.411191436,7.256514117,1.4193,4.998,1112.062
4.144100988,1.411171838,7.268842532,1.4183,5.011,1118.484
4.144804249,1.409591155,7.28076082,1.4172,4.998,1124.875
4.145198313,1.407218179,7.291798679,1.4161,4.998,1131.25
4.145903319,1.407072055,7.296527343,1.415,4.998,1137.64
4.146415421,1.406474186,7.302630792,1.4139,4.998,1144.031
4.147044228,1.405616175,7.295223084,1.4128,4.998,1150.453
4.147585964,1.403205801,7.313667929,1.4117,4.998,1156.843
4.148071684,1.402179966,7.322170991,1.4101,4.998,1163.234
4.148689024,1.400154663,7.346558601,1.4095,4.998,1169.625
4.149448163,1.400918222,7.356162937,1.409,4.998,1176.031
4.149828044,1.399581493,7.373129138,1.4079,4.998,1182.421
4.150406598,1.398514027,7.37521897,1.4068,4.998,1188.812
4.151116397,1.398169235,7.380584412,1.4052,4.998,1195.234
4.151625504,1.398463798,7.398942117,1.4046,4.998,1201.968
4.152163184,1.397079379,7.40951828,1.4035,4.998,1208.453
4.152645424,1.396241312,7.39569596,1.403,4.998,1214.953
4.15325789,1.39471103,7.429618108,1.4019,4.998,1221.453
4.153800484,1.392802715,7.441158483,1.4008,4.998,1227.968
4.154315542,1.393259844,7.458138654,1.3997,4.998,1234.468
4.155166077,1.391981547,7.461556463,1.3992,4.998,1240.968
4.155649299,1.392540614,7.473058573,1.3986,4.998,1247.453
4.156142407,1.391839078,7.476873919,1.3986,4.998,1253.953
4.156798632,1.390634517,7.474196664,1.3975,4.998,1260.5
4.157533075,1.38919212,7.504520625,1.3964,4.998,1266.968
4.157759987,1.388835264,7.508496889,1.3954,4.998,1273.484
4.158400449,1.387489695,7.491347751,1.3948,4.998,1279.984
4.158806201,1.3856425,7.528383077,1.3937,4.998,1286.5
4.159513875,1.38506466,7.548931603,1.3926,4.998,1293
4.15983976,1.385733051,7.570648572,1.3915,4.998,1299.515
4.16029448,1.383539144,7.581433665,1.3894,4.998,1306.015
4.160647107,1.382601658,7.602407226,1.3894,4.998,1312.484
4.161435934,1.380076824,7.600271382,1.3883,4.998,1318.984
4.161802767,1.379081243,7.604008645,1.3872,4.998,1325.5
4.162139788,1.378921233,7.625385364,1.3861,4.998,1332
4.162819599,1.377769151,7.640281232,1.385,4.998,1338.5
4.163373054,1.377271504,7.629375476,1.385,4.998,1344.984
4.16392743,1.376066187,7.63697897,1.3839,4.998,1351.484
4.164502369,1.375560456,7.67787885,1.3834,4.998,1358.359
4.164967407,1.37454894,7.695210717,1.3823,4.998,1364.968
4.165403478,1.374713232,7.699608309,1.3817,4.998,1371.64
4.165983262,1.37467099,7.712180412,1.3812,4.998,1378.234
4.166530929,1.37198972,7.724882468,1.3801,4.998,1384.906
4.167118876,1.372291466,7.72486425,1.3796,4.998,1391.562
4.167629158,1.372288021,7.759722383,1.379,4.998,1398.156
4.168066538,1.369973512,7.76664924,1.3779,4.998,1404.765
4.168430129,1.366383838,7.792653761,1.3774,4.998,1411.421
4.168957556,1.369262888,7.786719631,1.3763,4.998,1418.015
4.169494676,1.368406933,7.787097487,1.3752,4.998,1424.625
4.170042843,1.366232993,7.819187228,1.3741,4.998,1431.203
4.170120327,1.36278958,7.84238517,1.3725,4.998,1437.812
4.170678251,1.363204124,7.84312736,1.3708,4.998,1444.453
4.171208392,1.362957989,7.847165609,1.3697,4.998,1451.046
4.171456028,1.361508502,7.859131788,1.3686,4.998,1457.64
4.171970561,1.361410156,7.87444359,1.3681,4.998,1464.328
4.172283298,1.360074322,7.899215964,1.367,4.998,1470.921
4.172882973,1.36016818,7.928201167,1.3665,4.998,1477.531
4.173502182,1.357728998,7.925664954,1.3654,4.998,1484.171
4.173701295,1.358641781,7.945917822,1.3648,4.998,1490.765
4.174521287,1.358592707,7.961104188,1.3643,4.998,1497.39
4.174916447,1.356578877,7.971821625,1.3637,4.998,1504.062
4.17533619,1.355542551,7.970863568,1.3621,4.998,1510.718
4.175971596,1.35617716,7.984063739,1.3616,4.998,1517.328
4.176249906,1.352882495,7.999024331,1.361,4.998,1523.921
4.176823856,1.353420749,8.001901317,1.3605,4.998,1530.593
4.177367963,1.35308177,8.018409814,1.3594,4.998,1537.25
4.177840545,1.350724564,8.027313929,1.3583,4.998,1543.859
4.178510624,1.352480804,8.03634862,1.3583,4.998,1550.484
4.178871088,1.350893352,8.05416341,1.3577,4.998,1557.125
4.179402162,1.350977081,8.064206192,1.3567,4.998,1563.718
4.179835229,1.350135839,8.070859846,1.3561,4.998,1570.312
4.180319707,1.34911217,8.083542716,1.355,4.998,1576.968
4.18078333,1.347096681,8.108420029,1.3539,4.998,1583.656
4.181236602,1.345301939,8.133729715,1.3539,4.998,1590.265
4.18154012,1.347498453,8.137841865,1.3534,4.998,1596.859
4.18215519,1.343782115,8.145229915,1.3518,4.998,1603.5
4.182571348,1.344888377,8.159087702,1.3512,4.998,1610.171
4.182863284,1.341024681,8.150754333,1.3496,4.998,1616.765
4.18331898,1.341086653,8.170534183,1.349,4.998,1623.406
4.184044131,1.341967079,8.179584327,1.3479,4.998,1630
4.184269264,1.340135548,8.195470949,1.3468,4.998,1636.625
4.184866646,1.34083958,8.197515678,1.3463,4.998,1643.281
4.185486478,1.340246152,8.211258082,1.3458,4.998,1649.875
4.185935967,1.338346219,8.21013157,1.3458,4.998,1656.515
4.186315751,1.337448881,8.239702437,1.3441,4.998,1663.218
4.186927228,1.339309255,8.247066765,1.3441,4.998,1669.859
4.187400521,1.337221521,8.25993622,1.3436,4.998,1676.484
4.18789591,1.335486307,8.277914895,1.3419,4.998,1683.078
4.18819748,1.336203368,8.288053853,1.3419,4.998,1689.765
4.188924803,1.3353233,8.293086235,1.3409,4.998,1696.421
4.189370133,1.334164672,8.298316884,1.3403,4.998,1703.015
4.189897247,1.333860568,8.315200691,1.3398,4.998,1709.609
4.190325073,1.335250698,8.326168949,1.3392,4.998,1716.265
4.190708304,1.333302641,8.344092623,1.3387,4.998,1722.875
4.191292603,1.332002123,8.356188463,1.3381,4.998,1729.531
4.191965254,1.329212196,8.361520784,1.3376,4.998,1736.187
4.19236121,1.330009544,8.352135082,1.3365,4.998,1742.796
4.192730711,1.326972435,8.365981038,1.3354,4.998,1749.39
4.193066492,1.326872942,8.37280703,1.3343,4.998,1755.984
4.193545664,1.326889135,8.400311982,1.3327,4.998,1762.64
4.193770415,1.322667755,8.402435529,1.331,4.998,1769.281
4.194056109,1.321175526,8.410105213,1.3283,4.998,1775.937
4.194210698,1.318528298,8.418975315,1.3261,4.998,1782.593
4.194531673,1.317047603,8.439582922,1.325,4.998,1789.25
4.195151604,1.317079407,8.435242004,1.325,4.998,1795.859
4.195525982,1.318098024,8.446631652,1.3245,4.998,1802.546
4.196134203,1.317649618,8.465942403,1.324,4.998,1809.14
4.196786661,1.318034784,8.474888988,1.324,4.998,1815.75
4.197160655,1.314462756,8.503205703,1.3234,4.998,1822.406
4.197627943,1.316504134,8.512805184,1.3229,4.998,1829
4.198124244,1.314320969,8.526044314,1.3223,4.998,1835.609
4.198548099,1.315294264,8.533771303,1.3218,4.998,1842.296
4.19899304,1.314306251,8.533254238,1.3212,4.998,1848.937
4.199475973,1.313986907,8.544925905,1.3201,4.998,1855.531
4.200160741,1.313327169,8.536214325,1.3196,5.011,1862.14
4.20047349,1.311596308,8.546981728,1.319,4.998,1869.203
4.200995626,1.312305049,8.57607981,1.318,4.998,1875.953
4.201526834,1.30998126,8.594907628,1.3174,4.998,1882.656
4.202019193,1.310373678,8.591911647,1.3169,4.998,1889.359
4.202507847,1.309618133,8.606651792,1.3163,4.998,1896.109
4.203058262,1.30891317,8.640041819,1.3158,4.998,1902.953
4.203461003,1.307892085,8.650762902,1.3147,4.998,1909.703
4.203965245,1.307561264,8.658630013,1.3141,4.998,1916.406
4.204363829,1.306670972,8.657566298,1.3136,4.998,1923.171
4.204878868,1.303953375,8.66031111,1.3131,4.998,1929.937
4.205338399,1.302862077,8.683627622,1.312,4.998,1936.718
4.205670913,1.303667366,8.700239278,1.3114,4.998,1943.453
4.206477988,1.303809213,8.702369287,1.3109,4.998,1950.156
4.206899679,1.302602561,8.732271527,1.3092,4.998,1956.875
4.205222083,1.284896837,8.71551602,1.2918,4.986,1963.578
4.205469587,1.285210413,8.738755635,1.2918,4.986,1970.296
4.205690465,1.285370979,8.74882692,1.2912,4.986,1977.015
4.206028499,1.284287274,8.767977125,1.2907,4.986,1983.718
4.206645993,1.283578775,8.792080603,1.2902,4.986,1990.421
4.204608009,1.264984747,8.783776164,1.2722,4.973,1997.14
4.204837493,1.26507276,8.789309825,1.2716,4.973,2003.875
4.205010688,1.265628268,8.810206154,1.2722,4.973,2010.578
4.205491331,1.264419946,8.833254869,1.2716,4.973,2017.296
4.20560787,1.263732806,8.847523672,1.2711,4.973,2024.109
4.205939578,1.264601284,8.864100947,1.2705,4.973,2030.921
4.206588044,1.262749742,8.879856084,1.27,4.973,2037.75
4.204607996,1.245748121,8.877046473,1.252,4.96,2044.484
4.20501876,1.245128182,8.871949322,1.252,4.96,2051.281
4.205190484,1.246254222,8.797634726,1.252,4.96,2058.015
4.205352707,1.24416603,8.697666764,1.2509,4.96,2064.718
4.205814588,1.245054099,8.584974179,1.2509,4.96,2071.484
4.206265425,1.243163432,8.458674019,1.2498,4.96,2078.25
4.206699544,1.242690849,8.379788623,1.2487,4.96,2085.015
4.205184663,1.224826209,8.310771889,1.2307,4.948,2091.765
4.205463672,1.22433555,8.264521832,1.2307,4.96,2098.531
4.205771949,1.223401717,8.177888506,1.2291,4.948,2105.281
4.206594531,1.22177063,8.083196622,1.2291,4.948,2112.062
4.207084247,1.223125539,8.027888049,1.2275,4.948,2118.859
4.207673739,1.220932804,7.954431338,1.2269,4.948,2125.687
4.206090349,1.199116108,7.872801945,1.2079,4.935,2132.406
4.206512719,1.201284441,7.82609936,1.2073,4.935,2139.156
4.207175694,1.201057829,7.77612311,1.2068,4.935,2145.937
4.207623281,1.198594022,7.711401879,1.2057,4.935,2152.828
4.206026461,1.178405271,7.672918491,1.1871,4.922,2159.609
4.206530328,1.180352777,7.676192757,1.1866,4.922,2166.375
4.206882488,1.179961589,7.569371816,1.186,4.922,2173.171
4.205241143,1.15909694,7.49782511,1.1681,4.91,2179.953
4.205798097,1.159871261,7.426394528,1.1675,4.91,2186.765
4.206399401,1.160676159,7.381461914,1.1664,4.91,2193.64
4.206877198,1.160521203,7.310166802,1.1653,4.91,2200.437
4.207453886,1.157649824,7.287231532,1.1637,4.91,2207.203
4.208120307,1.157298463,7.247254907,1.1637,4.91,2213.953
4.206771577,1.138524907,7.187575106,1.1446,4.897,2220.781
4.20728845,1.136590484,7.185060344,1.1441,4.897,2227.546
4.207704014,1.13841688,7.22223737,1.1435,4.897,2234.343
4.206024968,1.118221304,7.313818331,1.1239,4.884,2241.187
4.206478901,1.118775971,7.357116872,1.1239,4.884,2248.015
4.206867973,1.11742281,7.388497036,1.1234,4.884,2254.812
4.207445063,1.116643629,7.418824852,1.1223,4.884,2261.562
4.207969871,1.113970437,7.467777943,1.1217,4.884,2268.406
4.206115967,1.097985043,7.512603355,1.1032,4.872,2275.203
4.206392248,1.098181896,7.501972243,1.1027,4.872,2281.984
4.206809312,1.097047608,7.52540251,1.1021,4.872,2288.75
4.207194147,1.095815761,7.527771532,1.1016,4.872,2295.531
4.207672507,1.093921644,7.560841095,1.0999,4.872,2302.312
4.207870527,1.092769386,7.574248493,1.0983,4.872,2309.062
4.208183819,1.092820773,7.582269059,1.0983,4.872,2315.781
4.208705884,1.09179082,7.598930756,1.0967,4.872,2322.515
4.206981163,1.072625076,7.623428426,1.0787,4.859,2329.234
4.207112803,1.07153561,7.627090562,1.0776,4.859,2335.937
4.207396929,1.072327009,7.641706873,1.077,4.859,2342.64
4.207721783,1.071719747,7.62022431,1.0765,4.859,2349.375
4.205964456,1.053668877,7.634366623,1.0585,4.846,2356.14
4.206131631,1.050236691,7.660480366,1.0585,4.846,2362.921
4.206418386,1.052404342,7.678817931,1.0574,4.846,2369.671
4.206886995,1.050871326,7.674698074,1.0569,4.846,2376.39
4.207127743,1.051884645,7.669565521,1.0563,4.846,2383.093
4.207667409,1.049191056,7.656055653,1.0558,4.846,2389.828
4.205701206,1.031845318,7.660555813,1.0367,4.834,2396.609
4.205880289,1.03178224,7.655689017,1.0367,4.834,2403.359
4.20612037,1.030343843,7.65883203,1.0362,4.834,2410.187
4.206651313,1.029974676,7.656860019,1.0356,4.834,2417.015
4.206716592,1.029358172,7.673609497,1.034,4.834,2423.718
4.206952284,1.027985786,7.675266658,1.034,4.834,2430.515
4.207544315,1.028244683,7.688494996,1.0329,4.834,2437.359
4.207955435,1.026401331,7.688373226,1.0323,4.834,2444.109
4.208482794,1.026612811,7.691369227,1.0318,4.834,2450.937
4.208926096,1.027576811,7.686777689,1.0312,4.834,2457.765
4.206876409,1.008484545,7.700857951,1.0127,4.821,2464.484
4.207599223,1.005682022,7.719600015,1.0122,4.821,2471.25
4.20755166,1.006371439,7.727748927,1.0116,4.821,2477.953
4.20821123,1.004445319,7.716490002,1.0116,4.821,2484.687
4.208449964,1.005333456,7.728681124,1.0111,4.821,2491.39
4.209101245,1.004501697,7.749546207,1.01,4.821,2498.093
4.207338417,0.986664707,7.775853874,0.992,4.808,2504.796
4.207405123,0.986786429,7.777460115,0.9925,4.808,2511.5
4.207686566,0.986363266,7.777944408,0.9915,4.808,2518.234
4.208085654,0.984992381,7.771181296,0.9909,4.808,2524.937
4.208468427,0.985511544,7.798470173,0.9909,4.808,2531.671
4.208927364,0.983836112,7.798504238,0.9893,4.808,2538.39
4.207029777,0.965827848,7.782744602,0.9718,4.796,2545.093
4.207221409,0.966809117,7.773954715,0.9713,4.796,2551.796
4.207777703,0.963788817,7.784834719,0.9707,4.796,2558.515
4.208066355,0.964580608,7.79538362,0.9702,4.796,2565.234
4.208328829,0.964908832,7.790065421,0.9697,4.796,2571.937
4.208821332,0.962998219,7.803337791,0.9686,4.796,2578.656
4.209075756,0.962570747,7.792570574,0.968,4.796,2585.359
4.209472586,0.961648936,7.80415046,0.9675,4.796,2592.062
4.209904081,0.961464933,7.806146069,0.9664,4.796,2598.796
4.207960105,0.943942688,7.818722416,0.9473,4.783,2605.5
4.20820085,0.942786042,7.818935209,0.9473,4.783,2612.234
4.208550164,0.939123681,7.824592941,0.9468,4.783,2619
4.206787461,0.927251498,7.842092981,0.9288,4.77,2625.718
4.206810376,0.92269599,7.847831077,0.9288,4.77,2632.421
4.207146019,0.923748076,7.844645682,0.9282,4.77,2639.125
4.207229302,0.920114472,7.858790037,0.9277,4.77,2645.828
4.207761329,0.92266592,7.842813824,0.9271,4.77,2652.546
4.207987664,0.919886987,7.867170609,0.9266,4.77,2659.25
4.208321756,0.921213147,7.87353841,0.9255,4.77,2665.968
4.208721427,0.918916603,7.869998926,0.925,4.77,2672.671
4.206816154,0.900168612,7.880046641,0.9064,4.757,2679.375
4.206945955,0.900799065,7.874154921,0.9059,4.757,2686.109
4.207434379,0.899521703,7.893998809,0.9053,4.757,2692.812
4.20751949,0.900592184,7.894623506,0.9053,4.757,2699.531
4.207976064,0.899204321,7.87907574,0.9048,4.757,2706.234
4.208394191,0.899146121,7.899865522,0.9042,4.757,2712.953
4.208649888,0.898042336,7.904374034,0.9037,4.757,2719.656
4.207246477,0.881580459,7.918098037,0.8857,4.745,2726.39
4.207022251,0.880293889,7.922977594,0.8852,4.745,2733.093
4.20751184,0.88023857,7.920064234,0.8852,4.745,2739.796
4.207809389,0.879517445,7.920357316,0.8846,4.745,2746.531
4.208207327,0.878116671,7.938757344,0.8841,4.745,2753.265
4.208666776,0.879364714,7.938628861,0.883,4.745,2759.968
4.209189689,0.876583377,7.951020915,0.883,4.745,2766.671
4.209376515,0.877752225,7.938631325,0.8819,4.745,2773.39
4.210007012,0.876607613,7.953751495,0.8813,4.745,2780.093
4.207861927,0.859378843,7.937775546,0.8623,4.732,2786.812
4.208436103,0.858446792,7.960299437,0.8623,4.732,2793.546
4.208609827,0.856527689,7.974981474,0.8617,4.732,2800.25
4.209164793,0.857080444,7.949740394,0.8612,4.732,2806.968
4.209194313,0.855659297,7.956544982,0.8601,4.732,2813.671
4.209462189,0.855807678,7.963988858,0.8595,4.732,2820.375
4.209775216,0.853495944,7.970406811,0.859,4.732,2827.109
4.208211724,0.832636554,7.976307966,0.8405,4.719,2833.796
4.208466139,0.837690534,7.969481237,0.8405,4.719,2840.5
4.20859773,0.83782183,7.9698222,0.8399,4.719,2847.203
4.206975445,0.819133507,7.965019448,0.8219,4.707,2853.953
4.206719045,0.81347325,7.949962266,0.8219,4.707,2860.718
4.206909638,0.814566144,7.978972629,0.8214,4.707,2867.421
4.207190257,0.817752181,7.971438989,0.8208,4.707,2874.156
4.207601662,0.816595799,7.965306105,0.8203,4.707,2880.843
4.208050088,0.81393454,7.959914965,0.8192,4.707,2887.562
4.208318292,0.815190601,7.95158172,0.8187,4.707,2894.25
4.208607871,0.813911138,7.963429539,0.8181,4.707,2900.953
4.20915494,0.811558472,7.982898229,0.8176,4.707,2907.765
4.209416274,0.812364885,7.973237598,0.8165,4.707,2914.546
4.209823362,0.812127389,7.961151154,0.8154,4.707,2921.25
4.208280147,0.793973418,7.982179598,0.798,4.694,2927.937
4.207370161,0.792400964,7.969508244,0.7974,4.694,2934.64
4.208512421,0.792404377,7.993255044,0.7969,4.694,2941.343
4.208878161,0.791918866,7.985174511,0.7963,4.694,2948.078
4.209298574,0.792055274,7.984332227,0.7947,4.694,2954.843
4.209523371,0.789418002,7.976440009,0.7947,4.694,2961.593
4.209892611,0.788112526,7.966550047,0.7941,4.694,2968.359
4.208048855,0.771803741,7.968675482,0.7751,4.681,2975.109
4.208295821,0.771091235,7.968786718,0.7745,4.681,2981.875
4.208569854,0.771856713,7.972880159,0.774,4.681,2988.625
4.208729935,0.769215127,7.978115212,0.774,4.681,2995.39
4.209089891,0.768568301,7.993809588,0.7729,4.681,3002.14
4.209460735,0.767504921,7.98360648,0.7723,4.681,3008.937
4.209760598,0.767346616,8.008874186,0.7718,4.681,3015.687
4.207824539,0.749158871,8.006103472,0.7533,4.669,3022.453
4.207957477,0.750806354,8.009322211,0.7533,4.669,3029.203
4.208693023,0.752198868,8.007097551,0.7527,4.669,3035.968
4.208580346,0.749017723,8.002104556,0.7522,4.669,3042.671
4.209118828,0.746710926,7.996039193,0.7516,4.669,3049.406
4.209206833,0.746637589,8.006081329,0.7511,4.669,3056.093
4.20958555,0.745450339,8.000263746,0.7505,4.669,3062.796
4.209785196,0.745836093,8.012750045,0.7494,4.669,3069.5
4.210371279,0.74764406,8.01572713,0.7489,4.669,3076.218
4.210696919,0.743475062,8.025409678,0.7483,4.669,3082.921
4.208935742,0.726795993,8.027891301,0.7298,4.656,3089.625
4.208972985,0.727041699,8.022775981,0.7298,4.656,3096.328
4.209515478,0.728096902,8.028957722,0.7293,4.656,3103.031
4.209781159,0.725983438,8.021523758,0.7287,4.656,3109.75
4.207664412,0.707649015,8.021742906,0.7107,4.643,3116.453
4.207624861,0.707679007,8.018555892,0.7107,4.643,3123.187
4.207900331,0.706713009,8.027849874,0.7102,4.643,3129.875
4.208076743,0.705031287,8.030079892,0.7091,4.643,3136.593
4.208462019,0.704292255,8.018328073,0.7091,4.643,3143.281
4.208497258,0.702096167,8.030516179,0.7086,4.643,3149.984
4.208932183,0.704553136,8.043920311,0.708,4.643,3156.718
4.209439044,0.707123149,8.035375064,0.7075,4.643,3163.406
4.209665833,0.704297821,8.037599065,0.7069,4.643,3170.109
4.207707914,0.684166546,8.031664694,0.6878,4.631,3176.812
4.207896057,0.687507323,8.036044222,0.6878,4.631,3183.515
4.207910536,0.684366027,8.033819801,0.6873,4.631,3190.234
4.208173433,0.680543702,8.039789449,0.6868,4.631,3196.937
4.208214008,0.681154963,8.043580017,0.6862,4.631,3203.64
4.208631075,0.679999709,8.044440074,0.6862,4.631,3210.359
4.209025792,0.680096128,8.03850164,0.6851,4.631,3217.062
4.20952572,0.6819814,8.051177624,0.6851,4.631,3223.765
4.209687193,0.682058513,8.057817662,0.6846,4.631,3230.468
4.20989214,0.679556948,8.060348077,0.684,4.631,3237.171
4.210426905,0.680956665,8.0729897,0.6829,4.631,3243.89
4.210559413,0.677808937,8.071396097,0.6824,4.631,3250.593
4.208616501,0.658986299,8.074518436,0.6639,4.618,3257.296
4.208896117,0.663255258,8.082821779,0.6644,4.618,3264
4.208977282,0.659785333,8.05290297,0.6639,4.618,3270.703
4.209325609,0.661190981,7.981384326,0.6633,4.618,3277.453
4.209605752,0.659280613,7.891872908,0.6628,4.618,3284.156
4.209970062,0.658639326,7.763168762,0.6622,4.618,3290.859
4.210303486,0.659097814,7.669001597,0.6617,4.618,3297.546
4.21064136,0.656214595,7.570544495,0.6606,4.618,3304.25
4.20879198,0.639058877,7.480790536,0.6426,4.605,3310.984
4.209018186,0.640317071,7.386840093,0.6421,4.605,3317.687
4.209156413,0.638782985,7.294339345,0.6421,4.605,3324.39
4.209703645,0.636838569,7.210365802,0.641,4.605,3331.125
4.210071372,0.635751852,7.117335366,0.6404,4.605,3337.812
4.21041509,0.637571692,7.083063939,0.6393,4.605,3344.531
4.210747977,0.636456982,6.976050009,0.6388,4.605,3351.234
4.209050477,0.615729334,6.922076026,0.6208,4.593,3357.937
4.209046585,0.616520845,6.848443526,0.6203,4.593,3364.656
4.20938257,0.616602845,6.820254256,0.6197,4.593,3371.359
4.209849057,0.615623923,6.781753389,0.6192,4.593,3378.078
4.210473714,0.615416715,6.686238573,0.6186,4.593,3384.781
4.210615517,0.614821997,6.620590106,0.6175,4.593,3391.484
4.211134802,0.613905338,6.567736295,0.617,4.593,3398.187
4.211446785,0.612518505,6.502608233,0.6159,4.593,3404.89
4.211930771,0.613055961,6.408821876,0.6153,4.593,3411.609
4.210287208,0.5964811,6.338901957,0.5985,4.58,3418.312
4.21058921,0.595975986,6.320347849,0.5979,4.58,3425.046
4.208610754,0.576115644,6.221180948,0.5799,4.567,3431.75
4.208793568,0.577121057,6.155888865,0.5805,4.567,3438.453
4.208976489,0.573896114,6.126047221,0.5794,4.567,3445.156
4.209390752,0.576010704,6.079042243,0.5788,4.567,3451.859
4.209606454,0.574774666,6.069688486,0.5777,4.567,3458.562
4.209883659,0.573310844,6.141211119,0.5777,4.567,3465.328
4.210371131,0.575654393,6.224363632,0.5766,4.567,3472.078
4.210705445,0.57254303,6.268290266,0.5766,4.567,3478.875
4.208808805,0.556849631,6.300995437,0.5587,4.555,3485.578
4.208781765,0.554947839,6.324881287,0.5587,4.555,3492.281
4.208955521,0.55443264,6.377371874,0.5581,4.555,3498.984
4.209282755,0.553116401,6.389393319,0.5576,4.555,3505.687
4.209729539,0.554970277,6.404583609,0.5576,4.555,3512.39
4.209698954,0.553924589,6.39307741,0.557,4.555,3519.109
4.210033831,0.554632436,6.420082737,0.5565,4.555,3525.812
4.210435219,0.553918312,6.44729731,0.5559,4.555,3532.515
4.210547518,0.551641508,6.446820725,0.5559,4.555,3539.203
4.210991089,0.551038825,6.441535306,0.5554,4.555,3545.921
4.210965345,0.553060168,6.448849506,0.5548,4.555,3552.734
4.211265394,0.551647665,6.460350782,0.5543,4.555,3559.5
4.211783252,0.55070497,6.461534262,0.5538,4.555,3566.234
4.209588287,0.533158441,6.463566984,0.5363,4.542,3572.921
4.209732897,0.533850623,6.446188707,0.5363,4.542,3579.625
4.20959638,0.531461269,6.468867974,0.5363,4.542,3586.343
4.209740923,0.531343244,6.457611793,0.5358,4.542,3593.062
4.21011119,0.531321955,6.448863777,0.5358,4.542,3599.765
4.210279032,0.531475534,6.441913857,0.5352,4.542,3606.468
4.210449369,0.533083277,6.444247699,0.5347,4.542,3613.187
4.210664182,0.530222462,6.457970512,0.5341,4.542,3619.921
4.211143002,0.529890729,6.46512803,0.5341,4.542,3626.625
4.211146693,0.528677986,6.459350827,0.5336,4.542,3633.328
4.211577345,0.531746103,6.445444277,0.5336,4.542,3640.031
4.209176925,0.512793812,6.448920224,0.5151,4.529,3646.734
4.209224569,0.512645417,6.447559952,0.5151,4.529,3653.453
4.209414511,0.513950752,6.465675812,0.5151,4.529,3660.156
4.209556516,0.512954988,6.471221464,0.5145,4.529,3666.859
4.20967572,0.512309301,6.443193178,0.514,4.529,3673.562
4.209817038,0.510981866,6.45845962,0.5145,4.529,3680.265
4.209904362,0.510930579,6.473934292,0.514,4.529,3687
4.210317389,0.511275429,6.491531809,0.514,4.529,3693.703
4.210329817,0.510838386,6.48189358,0.5134,4.529,3700.406
4.210545853,0.510435031,6.480967699,0.5134,4.529,3707.109
4.21077521,0.509696473,6.4779556,0.5129,4.529,3713.812
4.211171853,0.511395363,6.491676764,0.5123,4.529,3720.531
4.211243083,0.509197792,6.488195145,0.5123,4.529,3727.25
4.211417062,0.50884696,6.469744656,0.5118,4.529,3733.984
4.211772708,0.507340382,6.468876169,0.5112,4.529,3740.687
4.209357576,0.49009266,6.480054377,0.4938,4.517,3747.39
4.209700577,0.491277604,6.500113914,0.4943,4.517,3754.093
4.209591885,0.492017583,6.48270718,0.4938,4.517,3760.812
4.209774594,0.492907998,6.49565944,0.4938,4.517,3767.531
4.209960955,0.491296156,6.510332244,0.4933,4.517,3774.234
4.209975349,0.491077124,6.512466913,0.4933,4.517,3780.953
4.210301674,0.492344583,6.500925783,0.4927,4.517,3787.656
4.210561666,0.489827185,6.507999243,0.4927,4.517,3794.375
4.210650802,0.490610987,6.514288301,0.4922,4.517,3801.093
4.21072768,0.489926977,6.517352459,0.4916,4.517,3807.796
4.211016852,0.489280632,6.514326401,0.4916,4.517,3814.515
4.210916789,0.489461592,6.50695057,0.4911,4.517,3821.218
4.211281787,0.488678236,6.498422804,0.4911,4.517,3827.921
4.211469632,0.486935078,6.514455346,0.4905,4.517,3834.687
4.211844049,0.488663023,6.514796552,0.49,4.517,3841.39
4.209490324,0.470401665,6.525604214,0.4725,4.504,3848.093
4.209328149,0.471635331,6.5564582,0.4725,4.504,3854.796
4.209601277,0.468742186,6.542774477,0.4725,4.504,3861.5
4.209679903,0.470905863,6.550120905,0.472,4.504,3868.234
4.209817811,0.470112117,6.546929381,0.4725,4.504,3874.937
4.209880959,0.469685004,6.545954937,0.472,4.504,3881.64
4.21009372,0.469039405,6.550492023,0.472,4.504,3888.343
4.210213343,0.468344521,6.548621162,0.4714,4.504,3895.062
4.210405483,0.469649487,6.559664269,0.4714,4.504,3901.781
4.210596523,0.469054855,6.55553163,0.4709,4.504,3908.484
4.210702397,0.468843653,6.577796226,0.4709,4.504,3915.203
4.210940986,0.469288896,6.590785857,0.4704,4.504,3921.906
4.210944994,0.466806677,6.579002864,0.4698,4.504,3928.609
4.211306788,0.468088055,6.586764916,0.4698,4.504,3935.328
4.211466717,0.467275029,6.600165654,0.4693,4.504,3942.046
4.211580361,0.467140722,6.592976365,0.4687,4.504,3949.593
4.209292294,0.447212154,6.594690447,0.4513,4.491,3956.359
4.209316227,0.449624922,6.609006406,0.4513,4.491,3963.125
4.20948408,0.449863329,6.615221558,0.4513,4.491,3969.843
4.209379207,0.449003315,6.624101358,0.4513,4.491,3976.546
4.209665982,0.448957227,6.624012111,0.4507,4.491,3983.25
4.209688812,0.448066733,6.626458234,0.4507,4.491,3989.968
4.209645779,0.447885936,6.612247331,0.4502,4.491,3996.687
4.209919867,0.447786873,6.624016206,0.4502,4.491,4003.39
4.209992493,0.449125925,6.635012934,0.4496,4.491,4010.109
4.210351351,0.446750587,6.648966576,0.4496,4.491,4016.812
4.210371581,0.447259952,6.656672957,0.4491,4.491,4023.515
4.210435654,0.446667108,6.674248748,0.4486,4.491,4030.281
4.210579188,0.446294901,6.648500277,0.4486,4.491,4036.984
4.210843049,0.44674981,6.653382164,0.4475,4.491,4043.687
4.210968638,0.445195645,6.654827513,0.448,4.491,4050.406
4.211132952,0.444755293,6.671050409,0.4475,4.491,4057.109
4.211238044,0.443537022,6.676001766,0.4469,4.491,4063.828
4.211386925,0.444408685,6.696951897,0.4464,4.491,4070.531
4.211670015,0.444332178,6.680038859,0.4464,4.491,4077.25
4.209136452,0.425699649,6.671328349,0.4273,4.479,4083.953
4.209116589,0.426257642,6.685022684,0.4273,4.479,4090.656
4.209235795,0.425651979,6.695390929,0.4273,4.479,4097.406
4.209184555,0.4244696,6.695481295,0.4268,4.479,4104.125
4.209256785,0.425728666,6.688496207,0.4268,4.479,4110.843
4.20924819,0.423169317,6.69254079,0.4262,4.479,4117.546
4.209415484,0.42434249,6.680196145,0.4262,4.479,4124.25
4.209442067,0.423514489,6.695316287,0.4257,4.479,4130.968
4.209816373,0.423837804,6.709258661,0.4257,4.479,4137.687
4.20979927,0.422714279,6.708565838,0.4251,4.479,4144.39
4.20972975,0.421793027,6.711989673,0.4251,4.479,4151.093
4.210100791,0.420267379,6.703715547,0.4246,4.479,4157.796
4.210247201,0.421153148,6.701053496,0.424,4.479,4164.531
4.210370302,0.419928239,6.706316855,0.424,4.479,4171.234
4.210353233,0.42177057,6.712083321,0.4235,4.479,4177.937
4.210468442,0.420959693,6.723497122,0.4229,4.479,4184.656
4.210759024,0.420228984,6.719067896,0.4224,4.479,4191.359
4.210722625,0.419569423,6.726661799,0.4224,4.479,4198.078
4.210921652,0.419192748,6.724733186,0.4213,4.479,4204.796
4.210989249,0.419047233,6.717142845,0.4213,4.479,4211.515
4.211237117,0.416769326,6.718883069,0.4202,4.479,4218.234
4.211382758,0.417333906,6.727947813,0.4197,4.479,4224.968
4.211431556,0.417881021,6.748700844,0.4197,4.479,4231.671
4.211807487,0.416243873,6.750284212,0.4191,4.479,4238.39
4.211674933,0.417677311,6.746707873,0.4191,4.479,4245.109
4.2120407,0.416415827,6.744344091,0.4186,4.479,4251.828
4.212205297,0.415766463,6.756868918,0.4186,4.479,4258.546
4.212512414,0.416168015,6.759683036,0.418,4.479,4265.265
4.212826073,0.415436423,6.765736904,0.418,4.479,4271.968
4.210410106,0.398662336,6.779510105,0.4006,4.466,4278.687
4.210478914,0.39780501,6.780187854,0.4006,4.466,4285.39
4.21039608,0.398652186,6.770567878,0.4006,4.466,4292.109
4.210607549,0.397811011,6.783559256,0.4,4.466,4298.828
4.210422503,0.398364891,6.774603297,0.4006,4.466,4305.546
4.210675276,0.396106966,6.787537756,0.4006,4.466,4312.25
4.210871311,0.398407046,6.799282297,0.4,4.466,4318.984
4.210907659,0.397188567,6.801903956,0.4,4.466,4325.734
4.211136302,0.396497236,6.812612902,0.3995,4.466,4332.437
4.211349798,0.397307035,6.817599661,0.3995,4.466,4339.14
4.211266743,0.397435341,6.817767341,0.3995,4.466,4345.859
4.211722609,0.396647824,6.819442749,0.399,4.466,4352.562
4.211710016,0.396720599,6.82768747,0.399,4.466,4359.281
4.211855048,0.396321855,6.842412157,0.399,4.466,4365.984
4.212070562,0.397390307,6.836321008,0.3984,4.466,4372.687
4.212212388,0.395732184,6.845362353,0.3979,4.466,4379.39
4.212395204,0.397014408,6.843247633,0.3979,4.466,4386.093
4.21241288,0.395656144,6.84744208,0.3973,4.466,4392.828
4.212676209,0.394111552,6.847586234,0.3973,4.466,4399.546
4.21024755,0.377101518,6.857272492,0.3799,4.453,4406.25
4.210361414,0.3796528,6.871647863,0.3799,4.453,4412.953
4.210391534,0.3788281,6.869199774,0.3799,4.453,4419.671
4.210400722,0.378472571,6.873020132,0.3799,4.453,4426.546
4.210468112,0.378654176,6.86787744,0.3799,4.453,4433.39
4.210650308,0.378283742,6.887612012,0.3799,4.453,4440.203
4.210750933,0.378901943,6.895427319,0.3793,4.453,4447.015
4.210781992,0.376916322,6.907553349,0.3788,4.453,4453.765
4.210962578,0.378020087,6.911423894,0.3788,4.453,4460.531
4.211019491,0.37627881,6.914234725,0.3788,4.453,4467.359
4.211272923,0.376521302,6.912021988,0.3788,4.453,4474.187
4.211333316,0.375581281,6.918838657,0.3782,4.453,4480.937
4.211486157,0.374860572,6.931048258,0.3782,4.453,4487.687
4.2116149,0.376272203,6.937625709,0.3777,4.453,4494.421
4.209185075,0.359225716,6.933680868,0.3608,4.44,4501.234
4.209202815,0.358065622,6.918244058,0.3608,4.44,4508.046
4.208998639,0.358949418,6.85690455,0.3608,4.44,4514.781
4.209132935,0.359204524,6.728523123,0.3608,4.44,4521.531
4.209459967,0.361410718,6.594799909,0.3603,4.44,4528.328
4.209500952,0.359981555,6.478486441,0.3603,4.44,4535.14
4.209652313,0.359760006,6.390225135,0.3603,4.44,4541.875
4.209733591,0.357883955,6.354935191,0.3603,4.44,4548.609
4.209859889,0.358294696,6.264156559,0.3597,4.44,4555.328
4.210117524,0.356677455,6.188642153,0.3597,4.44,4562.062
4.210442779,0.359362291,6.101978857,0.3592,4.44,4568.843
4.210542685,0.358346694,6.020823441,0.3592,4.44,4575.593
4.210790705,0.354370402,5.95078755,0.3586,4.44,4582.328
4.210830363,0.356999316,5.908480992,0.3581,4.44,4589.046
4.211125607,0.357790291,5.839376251,0.3575,4.44,4595.765
4.211382658,0.354339141,5.747264102,0.3575,4.44,4602.484
4.211718194,0.356208136,5.707524788,0.357,4.44,4609.234
4.209214717,0.336869288,5.634439135,0.3384,4.428,4615.953
4.209448649,0.335778691,5.589246715,0.3384,4.428,4622.687
4.209517128,0.33522872,5.537403088,0.3384,4.428,4629.39
4.209643092,0.336068218,5.452245727,0.3384,4.428,4636.109
4.209792766,0.33727818,5.400274888,0.3379,4.428,4642.843
4.209960129,0.337225484,5.33994218,0.3379,4.428,4649.562
4.210221687,0.336542491,5.228658907,0.3374,4.428,4656.281
4.210513707,0.336417173,5.176023524,0.3374,4.428,4662.984
4.210515424,0.333350245,5.115702229,0.3368,4.428,4669.734
4.210850419,0.335149053,5.079190518,0.3363,4.428,4676.453
4.211114507,0.335421401,5.022961112,0.3363,4.428,4683.14
4.211256795,0.33579586,5.082776872,0.3357,4.428,4689.937
4.2116515,0.331244002,5.152297888,0.3352,4.428,4696.703
4.211700404,0.332157547,5.234345512,0.3346,4.428,4703.468
4.212065593,0.332239283,5.282438042,0.3346,4.428,4710.265
4.21228562,0.331305802,5.316448387,0.3341,4.428,4716.984
4.21238964,0.327418347,5.33258656,0.3335,4.428,4723.703
4.212585905,0.330856626,5.362918275,0.3335,4.428,4730.437
4.210407332,0.315446872,5.409229763,0.3161,4.415,4737.218
4.210383043,0.314523775,5.41334519,0.3161,4.415,4744.046
4.210531378,0.314241637,5.424092318,0.3161,4.415,4750.89
4.210495064,0.313834374,5.459773651,0.3161,4.415,4757.75
4.210575025,0.313611295,5.468095317,0.3156,4.415,4764.562
4.210586274,0.313381521,5.483696029,0.3156,4.415,4771.328
4.210623617,0.314589446,5.485972167,0.3156,4.415,4778.109
4.210823777,0.311964611,5.484703394,0.315,4.415,4784.89
4.210872292,0.312559418,5.489286845,0.315,4.415,4791.625
4.211125224,0.313853801,5.496565216,0.315,4.415,4798.343
4.211322099,0.312651639,5.495331517,0.3145,4.415,4805.062
4.211332511,0.312305901,5.49852208,0.3139,4.415,4811.781
4.211394882,0.313098914,5.510770512,0.3139,4.415,4818.5
4.211450139,0.312162759,5.527844736,0.3139,4.415,4825.218
4.211753767,0.310669646,5.538834717,0.3134,4.415,4831.937
4.211908309,0.310687707,5.546113947,0.3128,4.415,4838.656
4.212030181,0.311584198,5.555451688,0.3128,4.415,4845.359
4.212100575,0.312086245,5.551880335,0.3123,4.415,4852.078
4.212203727,0.310635369,5.545554354,0.3123,4.415,4858.781
4.212235659,0.310694831,5.553269319,0.3123,4.415,4865.5
4.21243275,0.310043476,5.556342591,0.3117,4.415,4872.203
4.212664555,0.309545307,5.563733983,0.3112,4.415,4878.921
4.210214676,0.292633816,5.567785121,0.2943,4.402,4885.625
4.210078168,0.291886927,5.564223882,0.2948,4.402,4892.312
4.209852464,0.291360984,5.572886663,0.2943,4.402,4899.031
4.210110719,0.292906822,5.579227023,0.2943,4.402,4905.734
4.210012537,0.291369919,5.58200024,0.2943,4.402,4912.437
4.210007152,0.291045627,5.581455014,0.2938,4.402,4919.14
4.210148117,0.289993404,5.594332381,0.2938,4.402,4925.843
4.210371175,0.292062249,5.590082012,0.2938,4.402,4932.562
4.210099779,0.292630044,5.58344068,0.2938,4.402,4939.265
4.210473563,0.290310298,5.595214313,0.2932,4.402,4945.968
4.210493919,0.292826897,5.609988789,0.2932,4.402,4952.671
4.210491314,0.290576118,5.640742948,0.2927,4.402,4959.375
4.210615308,0.292254753,5.651678624,0.2927,4.402,4966.093
4.210755515,0.291177593,5.651086901,0.2927,4.402,4972.796
4.210819302,0.289160926,5.65151037,0.2927,4.402,4979.515
4.21085607,0.289095938,5.644407279,0.2921,4.402,4986.25
4.211090577,0.290185608,5.657637901,0.2921,4.402,4992.953
4.211105637,0.289624931,5.652907465,0.2916,4.402,4999.656
4.2112183,0.289832134,5.66404943,0.2916,4.402,5006.359
4.211203151,0.288811944,5.664964306,0.2916,4.402,5013.062
4.211462771,0.289332356,5.681195862,0.291,4.402,5019.781
4.211402896,0.289097,5.683415267,0.291,4.402,5026.484
4.211764262,0.289313989,5.705290147,0.2905,4.402,5033.187
4.211813327,0.289026245,5.701252418,0.2905,4.402,5039.89
4.211804711,0.288513319,5.713579343,0.2905,4.402,5046.609
4.211986045,0.287668957,5.708885808,0.2899,4.402,5053.312
4.212226932,0.28865878,5.714208004,0.2899,4.402,5060.015
4.212166935,0.288762427,5.734622079,0.2894,4.402,5066.734
4.212414672,0.287332826,5.739125207,0.2894,4.402,5073.453
4.212338707,0.286936437,5.744607262,0.2894,4.402,5080.375
4.212552262,0.288522806,5.755547199,0.2888,4.402,5087.109
4.210210567,0.269622159,5.763638355,0.2719,4.39,5094.671
4.210002339,0.272735193,5.762051623,0.2725,4.39,5101.437
4.209795528,0.270505204,5.77986102,0.2725,4.39,5108.203
4.209942037,0.271146439,5.77979876,0.2719,4.39,5114.937
4.209998224,0.271564681,5.788072363,0.2725,4.39,5121.625
4.209939004,0.27003721,5.791688147,0.2719,4.39,5128.437
4.210228693,0.270186626,5.802787755,0.2719,4.39,5135.203
4.209901984,0.269919217,5.820258767,0.2719,4.39,5141.968
4.209998512,0.269463022,5.836090303,0.2719,4.39,5148.781
4.210119919,0.270148715,5.83486255,0.2714,4.39,5155.828
4.210210577,0.267480671,5.842414067,0.2714,4.39,5163.359
4.210342687,0.270990254,5.845821309,0.2714,4.39,5170.843
4.210436371,0.27064645,5.85460678,0.2709,4.39,5177.687
4.210450745,0.268587232,5.850583561,0.2709,4.39,5184.515
4.210389524,0.269128901,5.873010324,0.2709,4.39,5191.25
4.210403126,0.270089425,5.855505065,0.2709,4.39,5197.937
4.210691036,0.26952913,5.875806176,0.2703,4.39,5204.671
4.210800921,0.268168713,5.889831514,0.2703,4.39,5211.375
4.211024987,0.269075829,5.899361776,0.2703,4.39,5218.062
4.210804474,0.270036177,5.906597955,0.2703,4.39,5224.75
4.211022362,0.268064801,5.902101738,0.2698,4.39,5231.453
4.211047916,0.268750079,5.902094453,0.2698,4.39,5238.171
4.211220191,0.268357585,5.916410064,0.2698,4.39,5244.875
4.211151352,0.267487971,5.927497263,0.2692,4.39,5251.562
4.211385634,0.267962564,5.949126744,0.2692,4.39,5258.265
4.211353937,0.267478682,5.948528433,0.2687,4.39,5264.984
4.211560216,0.266352836,5.941745175,0.2681,4.39,5271.671
4.211567266,0.26826601,5.960527813,0.2681,4.39,5278.375
4.211725276,0.267680144,5.981184052,0.2681,4.39,5285.062
4.211931077,0.267290706,5.979784298,0.2681,4.39,5291.765
4.211943927,0.267365498,5.983016971,0.2681,4.39,5298.484
4.212105197,0.267249772,5.989812439,0.2676,4.39,5305.187
4.212055194,0.266741142,6.006307229,0.2676,4.39,5311.875
4.212301433,0.266470085,6.01476006,0.2676,4.39,5318.578
4.212347692,0.265728014,6.023046187,0.267,4.39,5325.265
4.212402938,0.264200061,6.022575224,0.267,4.39,5331.984
4.212642058,0.264825746,6.036940698,0.267,4.39,5338.703
4.21258468,0.266910727,6.048061236,0.267,4.39,5345.609
4.212805025,0.266602279,6.068949257,0.2665,4.39,5352.359
4.21289008,0.264655492,6.068642523,0.266,4.39,5359.14
4.212985804,0.264114851,6.065444278,0.266,4.39,5365.921
4.213042623,0.263278785,6.065712353,0.266,4.39,5372.625
4.213186444,0.264838263,6.071358551,0.2654,4.39,5379.328
4.213344838,0.264148594,6.084774824,0.2654,4.39,5386.187
4.213440092,0.264482068,6.082025746,0.2654,4.39,5392.984
4.213658766,0.263909458,6.094886333,0.2649,4.39,5400.531
4.210943787,0.24522703,6.087228155,0.2469,4.377,5407.296
4.210661239,0.245569819,6.100702167,0.248,4.377,5414.109
4.210883314,0.245752933,6.111265878,0.248,4.377,5420.812
4.210709496,0.246795125,6.112124473,0.2474,4.377,5427.531
4.210921458,0.246852733,6.116212545,0.2474,4.377,5434.234
4.210834886,0.246347294,6.120931847,0.2474,4.377,5440.921
4.210718864,0.247604142,6.128593784,0.2474,4.377,5447.625
4.210678845,0.24725315,6.131656194,0.2474,4.377,5454.328
4.210894635,0.246590585,6.144898169,0.2469,4.377,5461.046
4.210947317,0.245829646,6.146005123,0.2469,4.377,5467.734
4.210883774,0.247224972,6.147983474,0.2469,4.377,5474.437
4.211003935,0.246107026,6.158057506,0.2469,4.377,5481.14
4.211123824,0.247452425,6.168199127,0.2469,4.377,5487.828
4.211339621,0.245839714,6.167909759,0.2469,4.377,5494.546
4.211268515,0.245106511,6.178159678,0.2469,4.377,5501.265
4.211410411,0.246883579,6.194509081,0.2463,4.377,5507.968
4.211345147,0.244427742,6.204805317,0.2463,4.377,5514.671
4.211476704,0.247665422,6.203146216,0.2463,4.377,5521.375
4.211631283,0.245716626,6.222666871,0.2463,4.377,5528.078
4.211652106,0.244334297,6.225554565,0.2458,4.377,5534.781
4.211727078,0.244702125,6.237299496,0.2458,4.377,5541.484
4.211689409,0.244466963,6.244471093,0.2458,4.377,5548.187
4.211847888,0.244143481,6.252289695,0.2458,4.377,5554.875
4.211992777,0.244585919,6.265274949,0.2458,4.377,5561.578
4.211850673,0.244966321,6.267406696,0.2452,4.377,5568.296
4.212195179,0.243717739,6.272184093,0.2452,4.377,5575
4.212120487,0.242486162,6.277920716,0.2447,4.377,5581.687
4.212230149,0.24499609,6.293558134,0.2447,4.377,5588.39
4.212400137,0.244023062,6.30014343,0.2447,4.377,5595.093
4.212382514,0.243742775,6.303974208,0.2447,4.377,5601.796
4.212512695,0.241802696,6.316884918,0.2442,4.377,5608.5
4.212780838,0.243170038,6.309118225,0.2436,4.377,5615.203
4.210268224,0.226182283,6.325763417,0.2273,4.364,5621.906
4.210048956,0.227368372,6.327241402,0.2273,4.364,5628.656
4.210030286,0.226708417,6.332707223,0.2278,4.364,5635.343
4.209952358,0.226582822,6.341282365,0.2278,4.364,5642.046
4.209978501,0.225900583,6.350943365,0.2278,4.364,5648.75
4.20999716,0.226495751,6.360328959,0.2278,4.364,5655.453
4.209978309,0.225737248,6.358355054,0.2278,4.364,5662.14
4.209934263,0.22556175,6.37848921,0.2278,4.364,5668.843
4.210085538,0.226090593,6.374834925,0.2273,4.364,5675.546
4.210069345,0.226518226,6.399775609,0.2273,4.364,5682.25
4.210146782,0.227497797,6.392434615,0.2278,4.364,5688.937
4.210198512,0.225402704,6.406972486,0.2273,4.364,5695.656
4.210209421,0.227170038,6.409702921,0.2273,4.364,5702.359
4.210343722,0.226521288,6.423470939,0.2273,4.364,5709.062
4.2103157,0.226460512,6.431576268,0.2273,4.364,5715.765
4.210418008,0.228379765,6.456229183,0.2273,4.364,5722.453
4.210614824,0.226057456,6.450485462,0.2273,4.364,5729.171
4.210539788,0.223707206,6.462304713,0.2267,4.364,5735.875
4.210513868,0.22739686,6.464135935,0.2267,4.364,5742.578
4.210692022,0.226841429,6.436381938,0.2267,4.364,5749.265
4.210755437,0.226153332,6.345458726,0.2267,4.364,5755.984
4.210777879,0.223688882,6.231923912,0.2267,4.364,5762.687
4.211018414,0.22733806,6.086556283,0.2262,4.364,5769.39
4.210935698,0.224395197,5.960978266,0.2262,4.364,5776.093
4.211157768,0.226382433,5.924424991,0.2262,4.364,5782.828
4.211314213,0.225799627,5.822586677,0.2256,4.364,5789.531
4.211392786,0.225667073,5.749789635,0.2256,4.364,5796.437
4.211560955,0.224873835,5.655298734,0.2251,4.364,5803.187
4.211775145,0.224858076,5.583210641,0.2251,4.364,5809.984
4.211891869,0.222667754,5.529042401,0.2251,4.364,5816.734
4.21208644,0.22245704,5.42513374,0.2245,4.364,5823.437
4.212146212,0.225101138,5.351550343,0.2245,4.364,5830.14
4.212386971,0.223824303,5.300153864,0.224,4.364,5836.859
4.212375787,0.221528236,5.211896552,0.2234,4.364,5843.562
4.212645319,0.221561429,5.146355592,0.2234,4.364,5851.093
4.210175284,0.205867096,5.084604153,0.2065,4.352,5857.859
4.210155737,0.20668299,5.024831562,0.2071,4.352,5864.64
4.210280087,0.207663011,4.964409866,0.2065,4.352,5871.343
4.210338945,0.204528941,4.897811646,0.2065,4.352,5878.062
4.210457214,0.204454207,4.848532011,0.2065,4.352,5884.765
4.210437061,0.205254297,4.796591274,0.2065,4.352,5891.468
4.210697344,0.205133043,4.773332641,0.206,4.352,5898.171
4.210793165,0.203969463,4.739194065,0.206,4.352,5904.859
4.210863998,0.205969626,4.674207926,0.2054,4.352,5911.578
4.210925997,0.201421178,4.604081172,0.206,4.352,5918.328
4.211197789,0.204211889,4.539974635,0.2054,4.352,5925.031
4.211272088,0.204451168,4.456592711,0.2049,4.352,5931.734
4.211598311,0.204885719,4.427394045,0.2049,4.352,5938.453
4.211576146,0.203023372,4.449668311,0.2044,4.352,5945.14
4.211780805,0.202390845,4.539168627,0.2044,4.352,5952.187
4.211842876,0.202127014,4.595442308,0.2038,4.352,5958.875
4.211917599,0.202065569,4.646765781,0.2038,4.352,5965.578
4.212253457,0.202909157,4.674539655,0.2038,4.352,5972.281
4.212148303,0.202921697,4.732748537,0.2038,4.352,5979.812
4.212515245,0.201977315,4.770474192,0.2033,4.352,5986.562
4.212514173,0.202594479,4.782708036,0.2033,4.352,5993.359
4.212634905,0.201565796,4.813968876,0.2033,4.352,6000.078
4.212722131,0.20161168,4.832421137,0.2027,4.352,6006.781
4.212868973,0.200715961,4.849037619,0.2022,4.352,6013.468
4.212874068,0.202141546,4.882173985,0.2022,4.352,6020.187
4.213053848,0.200349855,4.891488919,0.2022,4.352,6026.875
4.213116627,0.201070943,4.898756069,0.2022,4.352,6033.562
4.213315406,0.202548274,4.929953447,0.2016,4.352,6040.281
4.213277107,0.198391458,4.930303534,0.2016,4.352,6046.984
4.21318244,0.197811163,4.927769445,0.2016,4.352,6053.671
4.213576508,0.199282709,4.938073287,0.2011,4.352,6060.375
4.211041575,0.182210236,4.958763985,0.1842,4.339,6067.062
4.210793296,0.184867459,4.97073551,0.1847,4.339,6073.765
4.210930135,0.184213799,4.974464786,0.1853,4.339,6080.468
4.210815196,0.186536286,4.970076617,0.1853,4.339,6087.171
4.210829309,0.183543058,4.987245457,0.1853,4.339,6093.906
4.210786761,0.18490863,4.992115451,0.1853,4.339,6100.593
4.210857331,0.183372771,5.022784504,0.1847,4.339,6107.296
4.210833626,0.185416403,5.019844136,0.1853,4.339,6113.984
4.211017309,0.183314162,5.024028202,0.1847,4.339,6120.671
4.211112634,0.18361634,5.042156371,0.1847,4.339,6127.39
4.210786829,0.183440813,5.052980567,0.1847,4.339,6134.093
4.211022356,0.18551561,5.055499182,0.1847,4.339,6140.781
4.211113909,0.183396363,5.055170278,0.1847,4.339,6147.484
4.211137337,0.183435274,5.066563858,0.1847,4.339,6154.171
4.211182798,0.182959575,5.077732873,0.1847,4.339,6160.89
4.211128078,0.182211431,5.097562363,0.1847,4.339,6167.593
4.211309512,0.182242124,5.110905877,0.1842,4.339,6174.281
4.211392117,0.183336869,5.11144907,0.1842,4.339,6180.984
4.211492923,0.184358553,5.11128983,0.1842,4.339,6187.671
4.211503661,0.183436753,5.108274709,0.1842,4.339,6194.39
4.211502893,0.183354947,5.135186106,0.1842,4.339,6201.093
4.211488883,0.183770306,5.139129576,0.1842,4.339,6207.781
4.211801785,0.184171178,5.13208516,0.1842,4.339,6214.484
4.211747828,0.184152576,5.134648316,0.1836,4.339,6221.203
4.212025891,0.183270668,5.134824059,0.1836,4.339,6227.89
4.211813756,0.182533992,5.158312173,0.1836,4.339,6234.609
4.212061846,0.182934516,5.183353978,0.1836,4.339,6241.312
4.212084827,0.181545455,5.181573305,0.1831,4.339,6248
4.21197989,0.182602687,5.190196166,0.1836,4.339,6254.859
4.212135537,0.182403856,5.181596892,0.1831,4.339,6261.625
4.212146469,0.182231405,5.200226108,0.1831,4.339,6268.375
4.212173782,0.181946777,5.226379619,0.1831,4.339,6275.14
4.212340107,0.183321946,5.244198473,0.1831,4.339,6281.875
4.212395423,0.18267325,5.242708134,0.1831,4.339,6288.578
4.212367384,0.182038263,5.243933608,0.1831,4.339,6295.281
4.212605012,0.183079421,5.25733274,0.1826,4.339,6301.968
4.212461328,0.181061728,5.265759334,0.1826,4.339,6308.687
4.212584561,0.181056876,5.274778199,0.1826,4.339,6315.375
4.212617987,0.184508851,5.290837804,0.182,4.339,6322.093
4.212624971,0.183647637,5.322481626,0.182,4.339,6328.781
4.212765334,0.180316827,5.313800914,0.182,4.339,6335.468
4.212911193,0.182027104,5.316196564,0.182,4.339,6342.171
4.212910589,0.180521661,5.326744625,0.182,4.339,6348.89
4.212974193,0.181137959,5.34124374,0.182,4.339,6355.609
4.213150116,0.179588924,5.372394993,0.1815,4.339,6362.39
4.213161694,0.180629694,5.37466863,0.1815,4.339,6369.109
4.213247147,0.1809666,5.381443952,0.1815,4.339,6375.812
4.213290337,0.17984039,5.390232751,0.1815,4.339,6382.515
4.213359791,0.180432958,5.40446771,0.1815,4.339,6389.203
4.213457613,0.179878737,5.417280813,0.1809,4.339,6395.89
4.213439665,0.181521502,5.426910383,0.1809,4.339,6402.593
4.213412232,0.181132502,5.415781055,0.1809,4.339,6409.281
4.213719077,0.180054261,5.450062935,0.1809,4.339,6415.984
4.210757214,0.160753141,5.463601887,0.1629,4.326,6422.671
4.210853592,0.164509994,5.465599385,0.1635,4.326,6429.375
4.210774199,0.164019281,5.473056485,0.164,4.326,6436.078
4.21055176,0.162513703,5.481955821,0.164,4.326,6442.765
4.210597595,0.163947279,5.499062859,0.164,4.326,6449.484
4.210635486,0.165598254,5.500867279,0.164,4.326,6456.171
4.210571645,0.164656762,5.510763961,0.164,4.326,6462.859
4.210449407,0.163083321,5.526183438,0.164,4.326,6469.562
4.210453447,0.16411236,5.539784163,0.164,4.326,6476.25
4.210360442,0.162525251,5.546909536,0.164,4.326,6482.968
4.210616345,0.164619863,5.550032391,0.164,4.326,6489.656
4.21067018,0.163759501,5.561928606,0.164,4.326,6496.359
4.210653746,0.163709911,5.585968265,0.164,4.326,6503.062
4.210604431,0.162561771,5.602297726,0.164,4.326,6509.765
4.210686741,0.163101616,5.597646292,0.1635,4.326,6516.468
4.210699027,0.162637769,5.600068473,0.1635,4.326,6523.156
4.210630451,0.16359604,5.623442617,0.1635,4.326,6529.859
4.210736627,0.162952977,5.626592851,0.1635,4.326,6536.578
4.210851335,0.163266649,5.644871443,0.164,4.326,6543.281
4.21099042,0.16396321,5.668237044,0.1635,4.326,6549.984
4.210765454,0.161896732,5.667605405,0.1635,4.326,6556.687
4.210816563,0.163127005,5.663706349,0.1635,4.326,6563.39
4.211048537,0.163431241,5.677136039,0.1635,4.326,6570.078
4.210964558,0.162539056,5.686485259,0.1635,4.326,6576.796
4.211026365,0.162001858,5.706034672,0.1635,4.326,6583.5
4.210941682,0.162228285,5.723975811,0.1635,4.326,6590.218
4.211101837,0.162689814,5.722454243,0.1635,4.326,6596.906
4.211228933,0.162238262,5.723897902,0.1635,4.326,6603.703
4.211083672,0.162933697,5.749166157,0.1629,4.326,6610.468
4.211153046,0.162050751,5.750713011,0.1629,4.326,6617.234
4.211253279,0.163002904,5.756575481,0.1629,4.326,6623.953
4.211220409,0.162250215,5.753344002,0.1629,4.326,6630.656
4.211359259,0.163507967,5.774788327,0.1629,4.326,6637.375
4.211334028,0.162192263,5.79230408,0.1629,4.326,6644.062
4.211444124,0.160648449,5.798209169,0.1624,4.326,6650.765
4.211443381,0.162055342,5.793272426,0.1624,4.326,6657.453
4.211462533,0.161642543,5.794296685,0.1624,4.326,6664.14
4.211639576,0.162014654,5.806915361,0.1624,4.326,6670.843
4.211631689,0.162220982,5.814337017,0.1624,4.326,6677.546
4.211543346,0.161819449,5.821069675,0.1618,4.326,6684.25
4.211777856,0.162960295,5.834874793,0.1624,4.326,6690.953
4.211690689,0.162612436,5.840441812,0.1618,4.326,6697.843
4.21196586,0.161996,5.840811813,0.1618,4.326,6704.671
4.211888449,0.16232281,5.861910503,0.1618,4.326,6711.406
4.211929807,0.161625978,5.866264249,0.1618,4.326,6718.156
4.211801428,0.160667914,5.874460663,0.1618,4.326,6724.968
4.21205111,0.161183421,5.887304906,0.1618,4.326,6731.781
4.212304376,0.162111196,5.892732342,0.1613,4.326,6738.546
4.212063651,0.161146161,5.891611669,0.1613,4.326,6745.296
4.212194628,0.160817762,5.908445117,0.1613,4.326,6752.109
4.212227835,0.160879722,5.917191941,0.1613,4.326,6758.906
4.212275807,0.15984265,5.930778964,0.1613,4.326,6765.656
4.212300809,0.160103971,5.940330471,0.1608,4.326,6772.39
4.212369189,0.160630383,5.942289641,0.1608,4.326,6779.125
4.212488241,0.160641086,5.95351288,0.1608,4.326,6785.937
4.21259917,0.162008146,5.974145863,0.1608,4.326,6792.734
4.21262744,0.159390044,5.975447291,0.1608,4.326,6799.609
4.212771569,0.160377836,5.980101258,0.1602,4.326,6806.375
4.212784402,0.159960018,5.991944595,0.1608,4.326,6813.203
4.212636029,0.159043376,6.001523199,0.1602,4.326,6819.937
4.212744637,0.159028513,6.009696287,0.1602,4.326,6826.671
4.212917842,0.159685851,6.014400976,0.1597,4.326,6833.453
4.212846341,0.159465542,6.0246374,0.1597,4.326,6840.25
4.213135428,0.159461271,6.037597547,0.1597,4.326,6846.984
4.213142525,0.16021466,6.04652822,0.1597,4.326,6853.718
4.213003429,0.160049739,6.039702902,0.1597,4.326,6860.515
4.213246597,0.159517994,6.060348355,0.1597,4.326,6867.312
4.213323315,0.158511551,6.076021626,0.1597,4.326,6874.031
4.213181331,0.157805771,6.078787942,0.1597,4.326,6880.75
4.21334026,0.158393328,6.089292259,0.1591,4.326,6887.468
4.213335866,0.158090471,6.097849053,0.1591,4.326,6894.265
4.213467014,0.158832142,6.101144367,0.1591,4.326,6901.046
4.213464359,0.158746601,6.116934259,0.1591,4.326,6907.781
4.213600169,0.157860053,6.12182006,0.1586,4.326,6914.5
4.210967332,0.14348447,6.129962495,0.1422,4.314,6921.218
4.21077848,0.142589003,6.143470272,0.1428,4.314,6928.015
4.210879851,0.1425325,6.145829866,0.1428,4.314,6934.796
4.210812391,0.143425226,6.157629307,0.1428,4.314,6941.531
4.210740272,0.14252893,6.166928907,0.1428,4.314,6948.312
4.210654526,0.142803825,6.175165356,0.1428,4.314,6955.046
4.210609703,0.142838813,6.194090643,0.1428,4.314,6961.765
4.210658243,0.142591933,6.199993756,0.1428,4.314,6968.484
4.21064289,0.14287938,6.214674741,0.1428,4.314,6975.203
4.210568253,0.14151689,6.212091217,0.1428,4.314,6981.921
4.210651912,0.142770672,6.231260282,0.1428,4.314,6988.64
4.210763518,0.142241594,6.234772511,0.1428,4.314,6995.359
4.210642793,0.142512226,6.254596463,0.1428,4.314,7002.078
4.210733829,0.142264177,6.263903098,0.1428,4.314,7008.781
4.210742111,0.142961586,6.267042216,0.1428,4.314,7015.515
4.21066108,0.140838153,6.28223359,0.1428,4.314,7022.218
4.21070514,0.142391725,6.273749148,0.1428,4.314,7028.937
4.210640924,0.14258979,6.294269972,0.1428,4.314,7035.656
4.210799838,0.142111135,6.294386609,0.1428,4.314,7042.375
4.210843164,0.14284058,6.285823859,0.1428,4.314,7049.093
4.210808257,0.144051733,6.247434775,0.1428,4.314,7055.812
4.210891589,0.14297745,6.129416671,0.1422,4.314,7062.531
4.210911203,0.142814733,5.971795868,0.1422,4.314,7069.25
4.21092391,0.140737154,5.823424395,0.1422,4.314,7075.968
4.211091808,0.14143861,5.683695346,0.1422,4.314,7082.734
4.211140781,0.143277568,5.590857085,0.1422,4.314,7089.546
4.211238271,0.141902327,5.543618762,0.1422,4.314,7096.343
4.211239397,0.141698803,5.473359102,0.1417,4.314,7103.078
4.211272461,0.141719345,5.383525925,0.1417,4.314,7109.781
4.211365174,0.141490828,5.331598892,0.1417,4.314,7116.5
4.21164296,0.140579823,5.252750921,0.1411,4.314,7123.218
4.211618632,0.140566217,5.162339654,0.1411,4.314,7129.937
4.211700669,0.140389913,5.104504457,0.1411,4.314,7136.671
4.211865087,0.141309507,5.065382097,0.1406,4.314,7143.359
4.211940279,0.140688477,4.984816054,0.1406,4.314,7150.078
4.211969873,0.139870716,4.924886661,0.1406,4.314,7156.781
4.212227595,0.139618113,4.865546935,0.1406,4.314,7163.5
4.212374797,0.139707739,4.823370229,0.14,4.314,7170.203
4.212235276,0.138766053,4.738225001,0.14,4.314,7176.906
4.212588591,0.138013842,4.689897053,0.14,4.314,7183.625
4.212663138,0.137763458,4.667010764,0.1395,4.314,7190.343
4.212580624,0.139840901,4.58731202,0.139,4.314,7197.062
4.212732636,0.139267918,4.522862485,0.1395,4.314,7203.765
4.212854964,0.138372125,4.468886372,0.139,4.314,7210.468
4.213029036,0.138565788,4.407321414,0.139,4.314,7217.171
4.213004707,0.138266963,4.354204032,0.139,4.314,7223.89
4.21347821,0.137504526,4.298927805,0.1384,4.314,7230.625
4.213576518,0.136860217,4.262754691,0.1384,4.314,7237.328
4.21097923,0.121182751,4.284822356,0.1215,4.301,7244.031
4.210704928,0.122068698,4.354261335,0.1221,4.301,7250.734
4.210664047,0.121770746,4.427334539,0.1215,4.301,7257.453
4.210633346,0.120092046,4.489405339,0.1221,4.301,7264.156
4.210606625,0.12291689,4.519934518,0.1221,4.301,7270.875
4.210800292,0.121410226,4.573567895,0.1221,4.301,7277.578
4.210705244,0.12144794,4.601850577,0.1221,4.301,7284.296
4.210779787,0.121440544,4.638409597,0.1221,4.301,7291.015
4.210711607,0.120836409,4.67487452,0.1221,4.301,7297.718
4.210662203,0.120664281,4.709438437,0.1215,4.301,7304.437
4.210709758,0.120404778,4.723557934,0.1215,4.301,7311.14
4.210731615,0.121589519,4.719423831,0.1215,4.301,7317.859
4.210849899,0.120232513,4.751528591,0.1215,4.301,7324.609
4.210826238,0.120456685,4.776275639,0.1215,4.301,7331.312
4.211035302,0.121335646,4.777938599,0.1215,4.301,7338.031
4.210831418,0.120325275,4.779755611,0.1215,4.301,7344.734
4.210995957,0.122915727,4.792572307,0.1215,4.301,7351.453
4.211060396,0.120749925,4.824888598,0.1215,4.301,7358.171
4.210999649,0.120028247,4.840821588,0.1215,4.301,7364.875
4.211070305,0.119902427,4.859439053,0.1215,4.301,7371.671
4.211113672,0.120803694,4.845780701,0.1215,4.301,7378.437
4.211153364,0.121622742,4.848282413,0.1215,4.301,7385.218
4.211299186,0.120720135,4.854800169,0.121,4.301,7391.968
4.211280988,0.12228809,4.857523321,0.121,4.301,7398.687
4.211367112,0.12035166,4.865978695,0.121,4.301,7405.406
4.211263684,0.121520318,4.876815073,0.121,4.301,7412.109
4.211252179,0.120842153,4.886712242,0.121,4.301,7418.828
4.211260901,0.120127308,4.897669217,0.121,4.301,7425.546
4.211491029,0.120372582,4.918110855,0.121,4.301,7432.25
4.211364002,0.121022841,4.93746813,0.1204,4.301,7438.953
4.211606899,0.121236548,4.933014818,0.121,4.301,7445.656
4.211458091,0.120850512,4.942492109,0.121,4.301,7452.39
4.211569677,0.120882399,4.951104438,0.1204,4.301,7459.093
4.211653086,0.121749362,4.963734524,0.121,4.301,7465.796
4.211835799,0.121890763,4.981530219,0.1204,4.301,7472.515
4.211752818,0.120154847,4.989737538,0.1204,4.301,7479.218
4.211690755,0.118644809,4.997084249,0.1204,4.301,7485.937
4.21179682,0.118471352,4.997688029,0.1204,4.301,7492.64
4.211827609,0.120191655,5.018622604,0.1204,4.301,7499.343
4.211794245,0.120422468,5.016640772,0.1204,4.301,7506.046
4.211905852,0.118866937,5.025145768,0.1199,4.301,7512.75
4.212021779,0.118767263,5.03793034,0.1199,4.301,7519.468
4.211847334,0.119318803,5.046054923,0.1199,4.301,7526.171
4.21203987,0.11839395,5.05187437,0.1199,4.301,7532.89
4.212015243,0.119883179,5.087956349,0.1199,4.301,7539.609
4.211952104,0.118276663,5.093921573,0.1199,4.301,7546.312
4.21196314,0.118952543,5.076944489,0.1199,4.301,7553.015
4.212133252,0.119359474,5.092057349,0.1199,4.301,7559.718
4.21227785,0.120319304,5.11511581,0.1193,4.301,7566.437
4.212254747,0.119647733,5.126896206,0.1199,4.301,7573.14
4.212294214,0.118765684,5.119939963,0.1193,4.301,7579.843
4.212391548,0.11791688,5.134351801,0.1188,4.301,7586.546
4.212381159,0.118994001,5.149205724,0.1193,4.301,7593.25
4.2124245,0.119787063,5.163954858,0.1193,4.301,7599.968
4.212331157,0.117795084,5.172206998,0.1193,4.301,7606.671
4.212412583,0.119391891,5.189808196,0.1193,4.301,7613.375
4.212527149,0.118682099,5.209051372,0.1188,4.301,7620.078
4.212426489,0.119107982,5.215764774,0.1188,4.301,7626.781
4.212651249,0.118494998,5.224382365,0.1188,4.301,7633.484
4.212603815,0.118272989,5.236619751,0.1188,4.301,7640.187
4.212706631,0.119995356,5.247549094,0.1188,4.301,7646.89
4.212677825,0.118369077,5.261092117,0.1188,4.301,7653.578
4.212645156,0.117909934,5.269026773,0.1188,4.301,7660.312
4.212738651,0.118405512,5.277526085,0.1182,4.301,7667
4.212900929,0.116879893,5.279287169,0.1182,4.301,7673.703
4.21278944,0.117226195,5.304849981,0.1182,4.301,7680.406
4.212964057,0.119258908,5.317000678,0.1182,4.301,7687.109
4.212896425,0.118299871,5.321490346,0.1182,4.301,7693.812
4.212913209,0.11920094,5.327608196,0.1182,4.301,7700.515
4.213017277,0.117498663,5.34394479,0.1182,4.301,7707.218
4.213041193,0.117219884,5.35499732,0.1182,4.301,7713.906
4.212963883,0.116790444,5.361672882,0.1177,4.301,7720.609
4.213144137,0.117098742,5.382475994,0.1177,4.301,7727.328
4.213153674,0.117862555,5.383465207,0.1177,4.301,7734.031
4.213278254,0.117161901,5.402327675,0.1177,4.301,7740.718
4.213243721,0.118314682,5.403535568,0.1177,4.301,7747.421
4.213103327,0.116201772,5.409367333,0.1177,4.301,7754.125
4.21325157,0.117781924,5.434899836,0.1177,4.301,7760.843
4.21342738,0.118734743,5.442278299,0.1177,4.301,7767.531
4.21343908,0.118551629,5.452384946,0.1177,4.301,7774.234
4.213438538,0.11717073,5.461836814,0.1171,4.301,7780.937
4.213506512,0.117607774,5.475232045,0.1171,4.301,7787.64
4.213518874,0.115526823,5.49471858,0.1171,4.301,7794.343
4.213662587,0.117199534,5.498494041,0.1171,4.301,7801.031
4.210878891,0.101507205,5.510251675,0.1002,4.288,7807.734
4.210705325,0.100086416,5.528864544,0.1008,4.288,7814.421
4.210794916,0.100118005,5.541311539,0.1013,4.288,7821.14
4.210553851,0.101026963,5.55964795,0.1013,4.288,7827.828
4.21044623,0.100846005,5.557597253,0.1013,4.288,7834.531
4.210496976,0.102600822,5.568181224,0.1019,4.288,7841.234
4.210350077,0.100269455,5.583467987,0.1013,4.288,7847.937
4.21045254,0.101271184,5.599541453,0.1013,4.288,7854.64
4.21039853,0.100243168,5.601575068,0.1013,4.288,7861.343
4.210221511,0.100797586,5.598551135,0.1019,4.288,7868.046
4.210456884,0.100767015,5.603384041,0.1019,4.288,7874.734
4.210243735,0.101888709,5.618648331,0.1019,4.288,7881.437
4.210274218,0.101018647,5.623911072,0.1019,4.288,7888.156
4.210295351,0.101587337,5.632821833,0.1013,4.288,7894.843
4.210289493,0.102357218,5.655583505,0.1019,4.288,7901.546
4.210343477,0.102291827,5.664138216,0.1013,4.288,7908.25
4.210364519,0.101136647,5.671149615,0.1019,4.288,7914.953
4.210334371,0.102101168,5.669368874,0.1019,4.288,7921.671
4.210234039,0.101291216,5.695498321,0.1019,4.288,7928.359
4.21029313,0.100419838,5.707302382,0.1019,4.288,7935.062
4.210216655,0.103327926,5.714989366,0.1019,4.288,7941.765
4.210189537,0.103325359,5.718326686,0.1019,4.288,7948.484
4.210235281,0.101819394,5.726415454,0.1013,4.288,7955.187
4.21026682,0.101411041,5.746429789,0.1013,4.288,7961.875
4.210310542,0.101760048,5.756052926,0.1013,4.288,7968.578
4.210299636,0.102007745,5.76793851,0.1013,4.288,7975.281
4.21036277,0.101613354,5.775035093,0.1013,4.288,7982
4.210282532,0.100495803,5.783270719,0.1013,4.288,7988.703
4.210438443,0.101264602,5.791742078,0.1013,4.288,7995.39
4.210363255,0.101361472,5.797164784,0.1013,4.288,8002.093
4.210427663,0.101047957,5.806266637,0.1013,4.288,8008.796
4.21044362,0.101352005,5.821770241,0.1013,4.288,8015.515
4.210510076,0.101422456,5.831111664,0.1013,4.288,8022.218
4.210464406,0.100493241,5.823699052,0.1013,4.288,8028.906
4.210442798,0.099815844,5.841965819,0.1013,4.288,8035.609
4.210520576,0.101379553,5.844959218,0.1013,4.288,8042.312
4.210414396,0.100608585,5.851114626,0.1013,4.288,8049.031
4.210602745,0.101070479,5.863093863,0.1013,4.288,8055.734
4.210702304,0.100481676,5.879483711,0.1013,4.288,8062.437
4.210643926,0.100501745,5.882538923,0.1013,4.288,8069.14
4.210547461,0.101364904,5.877725028,0.1013,4.288,8075.859
4.210671082,0.101545703,5.894673378,0.1013,4.288,8082.562
4.210616289,0.101570851,5.896942925,0.1013,4.288,8089.265
4.210560291,0.100049701,5.911968669,0.1013,4.288,8095.968
4.210703528,0.100785461,5.930450151,0.1008,4.288,8102.671
4.210670117,0.100843287,5.925926566,0.1008,4.288,8109.39
4.210917711,0.101452106,5.927620081,0.1008,4.288,8116.093
4.210753403,0.100517289,5.941848319,0.1008,4.288,8122.796
4.210811159,0.099475391,5.964474027,0.1008,4.288,8129.484
4.210850222,0.100844724,5.971920492,0.1008,4.288,8136.187
4.210756938,0.101171592,6.011510162,0.1008,4.288,8142.921
4.210713764,0.100657755,6.019513995,0.1008,4.288,8149.625
4.210806292,0.100251169,6.011510079,0.1008,4.288,8156.312
4.210924827,0.100050709,6.040678765,0.1008,4.288,8163.015
4.211009856,0.100563208,6.019649575,0.1008,4.288,8169.718
4.210979307,0.100226696,6.039877074,0.1008,4.288,8176.421
4.211006028,0.101128599,6.06196401,0.1008,4.288,8183.125
4.21109115,0.101191116,6.057442907,0.1008,4.288,8189.828
4.21119706,0.099942719,6.048642259,0.1008,4.288,8196.531
4.211061445,0.101256394,6.064289571,0.1002,4.288,8203.265
4.211274284,0.101727913,6.079655618,0.1002,4.288,8209.968
4.211172058,0.101419771,6.090112493,0.1002,4.288,8216.656
4.211207246,0.101308783,6.103181948,0.1002,4.288,8223.359
4.211127126,0.10069669,6.108927062,0.1002,4.288,8230.062
4.211104638,0.100018581,6.107917173,0.1002,4.288,8236.781
4.211427618,0.098389129,6.124088064,0.1002,4.288,8243.515
4.211069147,0.099392468,6.124296935,0.1002,4.288,8250.203
4.211446926,0.100137151,6.134124406,0.1002,4.288,8256.89
4.211340146,0.09928021,6.147461509,0.1002,4.288,8263.593
4.211284739,0.101291284,6.161214989,0.0997,4.288,8270.296
4.211221873,0.10054536,6.166569332,0.0997,4.288,8277
4.211351761,0.099677862,6.169563903,0.0997,4.288,8283.703
4.211253731,0.099190946,6.18789919,0.0997,4.288,8290.39
4.211468229,0.098031122,6.20630107,0.0997,4.288,8297.093
4.211497248,0.098801342,6.216199302,0.0997,4.288,8303.781
4.211413135,0.098452645,6.239637467,0.0997,4.288,8310.5
4.211434958,0.099853519,6.276588497,0.0997,4.288,8317.187
4.211602439,0.099123348,6.259582105,0.0997,4.288,8323.89
4.211622914,0.099306737,6.262850266,0.0997,4.288,8330.593
4.211636266,0.098952138,6.256438773,0.0992,4.288,8337.281
4.211698187,0.098640571,6.245106036,0.0992,4.288,8343.984
4.211620339,0.099255837,6.164866332,0.0992,4.288,8350.687
4.211681366,0.099069281,6.01987509,0.0992,4.288,8357.39
4.211661177,0.0996543,5.82607974,0.0992,4.288,8364.078
4.211603804,0.099411168,5.697326544,0.0992,4.288,8370.796
4.211921686,0.098088443,5.567995529,0.0986,4.288,8377.5
4.211939679,0.098953875,5.463886442,0.0986,4.288,8384.187
4.212030729,0.100352826,5.448991635,0.0986,4.288,8390.89
4.212084753,0.098909586,5.378283717,0.0986,4.288,8397.578
4.212303464,0.098247068,5.300327953,0.0986,4.288,8404.296
4.212199781,0.09796262,5.228843569,0.0986,4.288,8410.984
4.212390334,0.097381519,5.166507399,0.0981,4.288,8417.687
4.212584101,0.097245472,5.099106856,0.0981,4.288,8424.375
4.212467891,0.095692219,5.037342209,0.0981,4.288,8431.078
4.212404351,0.095089598,4.952813471,0.0981,4.288,8437.796
4.212698935,0.094377383,4.898128272,0.0975,4.288,8444.484
4.212713006,0.095143906,4.851780991,0.0975,4.288,8451.187
4.212851958,0.097209764,4.781831648,0.0975,4.288,8457.89
4.212857044,0.095627477,4.70932166,0.097,4.288,8464.593
4.212956043,0.097063775,4.678618968,0.097,4.288,8471.296
4.213005365,0.096332671,4.617711579,0.097,4.288,8478
4.213092278,0.09493959,4.550466679,0.097,4.288,8484.687
4.212952947,0.096669152,4.484454648,0.0964,4.288,8491.375
4.213092019,0.096585679,4.455694668,0.0964,4.288,8498.062
4.213461947,0.09624168,4.395722133,0.0964,4.288,8504.781
4.213330297,0.096432667,4.372884779,0.0964,4.288,8511.468
4.213543925,0.094756169,4.293562117,0.0964,4.288,8518.171
4.213583341,0.096144978,4.260125383,0.0959,4.288,8524.859
4.210713709,0.079423027,4.231910966,0.0784,4.276,8531.578
4.210778506,0.076118857,4.205696921,0.079,4.276,8538.265
4.210679531,0.078064711,4.203535341,0.079,4.276,8544.968
4.210449705,0.078510742,4.295640569,0.079,4.276,8551.671
4.210578608,0.080378758,4.379182344,0.079,4.276,8558.359
4.210628158,0.079331449,4.439256712,0.079,4.276,8565.062
4.210645016,0.07742578,4.492011657,0.079,4.276,8571.765
4.210480268,0.07752383,4.524683047,0.079,4.276,8578.453
4.210585289,0.078880297,4.560625925,0.079,4.276,8585.171
4.210492655,0.079384956,4.576268128,0.079,4.276,8591.875
4.210244705,0.07906166,4.593475334,0.079,4.276,8598.593
4.210417757,0.078692676,4.640406639,0.079,4.276,8605.296
4.210340507,0.078691093,4.662770684,0.079,4.276,8612.093
4.210540078,0.078968588,4.66460315,0.079,4.276,8618.843
4.210578352,0.078155215,4.685211544,0.079,4.276,8625.609
4.210454024,0.077233821,4.711638136,0.079,4.276,8632.359
4.210434561,0.077202416,4.754336259,0.079,4.276,8639.093
4.210697822,0.078000067,4.764723494,0.079,4.276,8645.781
4.210535464,0.076226205,4.756781995,0.079,4.276,8652.484
4.210514603,0.077927588,4.765992281,0.079,4.276,8659.203
4.210177376,0.07828004,4.785392977,0.079,4.276,8665.906
4.210596767,0.078342918,4.784798508,0.079,4.276,8672.593
4.210604278,0.078875223,4.809147652,0.079,4.276,8679.296
4.210591778,0.077771582,4.805304256,0.079,4.276,8686
4.210569428,0.077918858,4.831206817,0.079,4.276,8692.718
4.210528136,0.079001505,4.84292875,0.079,4.276,8699.421
4.210637255,0.076205895,4.851106281,0.079,4.276,8706.125
4.210808941,0.080019531,4.853864327,0.079,4.276,8712.859
4.210662758,0.078260876,4.860423467,0.079,4.276,8719.562
4.210434539,0.078284743,4.875272293,0.079,4.276,8726.265
4.2107928,0.078460623,4.891900477,0.079,4.276,8733
4.210517725,0.077950825,4.885069012,0.079,4.276,8739.687
4.210718997,0.075374551,4.901184896,0.079,4.276,8746.39
4.210700564,0.077771616,4.91788594,0.079,4.276,8753.093
4.21079615,0.077766591,4.941021426,0.079,4.276,8759.796
4.210669674,0.079170379,4.957230152,0.079,4.276,8766.515
4.210780161,0.076105906,4.967129457,0.0784,4.276,8773.25
4.21060532,0.078505491,4.959477715,0.079,4.276,8779.953
4.210773869,0.081904996,4.973190188,0.0784,4.276,8786.656
4.210749361,0.079018043,4.96809045,0.0784,4.276,8793.359
4.210726329,0.077760839,4.989405065,0.0784,4.276,8800.078
4.210650856,0.078472369,4.996768489,0.0784,4.276,8806.781
4.211057972,0.077624543,5.001680938,0.0784,4.276,8813.484
4.211040445,0.078100699,5.023555509,0.0784,4.276,8820.203
4.210868359,0.079825082,5.032383785,0.0784,4.276,8826.89
4.211032674,0.078118924,5.048703128,0.0784,4.276,8833.625
4.210998492,0.078025095,5.051566111,0.0779,4.276,8840.328
4.211084719,0.074567469,5.052800407,0.0784,4.276,8847.031
4.211159834,0.077292792,5.076360366,0.0784,4.276,8853.75
4.211164085,0.077239364,5.097162912,0.0784,4.276,8860.484
4.210950142,0.078634255,5.10344925,0.0784,4.276,8867.187
4.211215045,0.076180621,5.114609911,0.0784,4.276,8873.89
4.211059835,0.077543892,5.128314339,0.0784,4.276,8880.609
4.210898601,0.078826954,5.139312227,0.0779,4.276,8887.312
4.211131155,0.077480251,5.158643974,0.0779,4.276,8894.015
4.21100995,0.077876265,5.159940368,0.0784,4.276,8900.703
4.211127762,0.078249661,5.171395833,0.0779,4.276,8907.406
4.211202403,0.076588885,5.198287169,0.0779,4.276,8914.109
4.211015864,0.077995301,5.200620754,0.0784,4.276,8920.812
4.211260348,0.078188392,5.220325737,0.0779,4.276,8927.531
4.211304597,0.076732452,5.224577476,0.0784,4.276,8934.218
4.211163427,0.07644879,5.219939143,0.0779,4.276,8940.921
4.211297349,0.077630398,5.21856934,0.0779,4.276,8947.656
4.211223282,0.077201701,5.242652323,0.0779,4.276,8954.359
4.211213131,0.076149886,5.252198054,0.0779,4.276,8961.078
4.211349466,0.077105931,5.267808431,0.0779,4.276,8967.89
4.211433984,0.077339062,5.273373936,0.0779,4.276,8974.703
4.211331354,0.078124132,5.297676227,0.0779,4.276,8981.453
4.211477143,0.078410287,5.306293057,0.0779,4.276,8988.218
4.211484699,0.077247614,5.31648584,0.0779,4.276,8995.015
4.211574636,0.076647004,5.326355212,0.0774,4.276,9001.89
4.211486798,0.077133998,5.337438919,0.0779,4.276,9008.718
4.211324139,0.076078424,5.35265239,0.0779,4.276,9015.531
4.211550061,0.07740307,5.358945554,0.0774,4.276,9022.296
4.211510316,0.078580021,5.3656623,0.0774,4.276,9029.031
4.211491819,0.07652458,5.377658185,0.0779,4.276,9035.843
4.211575799,0.077568755,5.387072877,0.0774,4.276,9042.64
4.211865951,0.074357045,5.391496973,0.0774,4.276,9049.39
4.211683538,0.076215826,5.414575754,0.0774,4.276,9056.109
4.21166953,0.077453158,5.432914785,0.0774,4.276,9062.843
4.211623333,0.078390376,5.448589629,0.0774,4.276,9069.64
4.211435952,0.076575415,5.442979855,0.0774,4.276,9076.421
4.211502676,0.078229942,5.444703639,0.0774,4.276,9083.171
4.211920397,0.075278667,5.464454869,0.0774,4.276,9089.89
4.211845274,0.075734828,5.474461991,0.0774,4.276,9096.609
4.2116585,0.077131593,5.478114292,0.0774,4.276,9103.406
4.211678712,0.071497854,5.510153095,0.0768,4.276,9110.171
4.21174501,0.078133344,5.523595174,0.0768,4.276,9116.953
4.211822106,0.075879475,5.531588705,0.0774,4.276,9123.734
4.211764661,0.077321238,5.537633491,0.0774,4.276,9130.468
4.2117294,0.076225811,5.553580682,0.0768,4.276,9137.187
4.211826428,0.07796531,5.55645543,0.0768,4.276,9143.906
4.211947078,0.079800585,5.564270648,0.0768,4.276,9150.625
4.211959469,0.076383948,5.57458316,0.0768,4.276,9157.328
4.211803217,0.077244161,5.578185505,0.0768,4.276,9164.031
4.211992678,0.076825986,5.607375238,0.0768,4.276,9170.75
4.211779936,0.075698857,5.628064905,0.0768,4.276,9177.453
4.212013651,0.076349084,5.63079274,0.0768,4.276,9184.171
4.211927015,0.077214878,5.629075035,0.0768,4.276,9190.875
4.21195897,0.075489402,5.645559502,0.0768,4.276,9197.593
4.212077336,0.076510139,5.648485602,0.0763,4.276,9204.296
4.212050187,0.075213478,5.668063427,0.0768,4.276,9211.015
4.212062199,0.077242203,5.667091454,0.0768,4.276,9217.734
4.212127205,0.075047499,5.680303495,0.0763,4.276,9224.437
4.212130679,0.077088211,5.683172836,0.0763,4.276,9231.14
4.212184401,0.073945132,5.707388931,0.0763,4.276,9237.843
4.211988986,0.074559885,5.692640383,0.0768,4.276,9244.578
4.212063802,0.07715346,5.723132644,0.0763,4.276,9251.281
4.212286004,0.076405123,5.745255014,0.0763,4.276,9257.984
4.21222736,0.075332002,5.733224221,0.0763,4.276,9264.687
4.212216,0.076688265,5.738219822,0.0763,4.276,9271.406
4.212144587,0.07631608,5.742006227,0.0763,4.276,9278.109
4.212422301,0.076064332,5.749806344,0.0763,4.276,9284.812
4.212436739,0.076045483,5.762016985,0.0763,4.276,9291.515
4.212320398,0.077020736,5.765110891,0.0763,4.276,9298.234
4.212410507,0.075394155,5.779357909,0.0763,4.276,9304.937
4.212491949,0.076271796,5.791769096,0.0763,4.276,9311.656
4.212380721,0.07618839,5.804869957,0.0763,4.276,9318.359
4.212486528,0.076255551,5.826555984,0.0763,4.276,9325.078
4.21253471,0.074934017,5.820811864,0.0763,4.276,9331.781
4.212501137,0.075595499,5.832453959,0.0757,4.276,9338.515
4.212388704,0.075006725,5.830641876,0.0757,4.276,9345.234
4.212561256,0.076244903,5.833502315,0.0763,4.276,9351.937
4.212589185,0.075305105,5.850999929,0.0757,4.276,9358.656
4.212498325,0.076759303,5.868363901,0.0757,4.276,9365.359
4.212508525,0.074830765,5.86347546,0.0757,4.276,9372.078
4.21262144,0.073244504,5.893219395,0.0757,4.276,9378.796
4.212605457,0.07532055,5.890918465,0.0757,4.276,9385.5
4.21262934,0.074569881,5.893606556,0.0757,4.276,9392.203
4.212784138,0.074864182,5.898382819,0.0757,4.276,9398.921
4.212616408,0.076153022,5.917478354,0.0757,4.276,9405.64
4.212742078,0.076137545,5.920862171,0.0757,4.276,9412.359
4.212639885,0.07328162,5.938140824,0.0752,4.276,9419.062
4.212705687,0.075596594,5.949092525,0.0752,4.276,9425.765
4.212691194,0.075044338,5.946395217,0.0752,4.276,9432.453
4.212764688,0.075677431,5.959179598,0.0752,4.276,9439.156
4.212869248,0.075994326,5.97584508,0.0752,4.276,9445.875
4.212879523,0.073664829,5.997339748,0.0752,4.276,9452.593
4.212890955,0.074428352,6.005074068,0.0752,4.276,9459.328
4.212898142,0.072763848,5.991823083,0.0752,4.276,9466.031
4.212900291,0.0745245,6.003249804,0.0752,4.276,9472.75
4.213087651,0.074684887,6.005479612,0.0752,4.276,9479.453
4.213058533,0.075238376,6.037209102,0.0752,4.276,9486.156
4.213175881,0.075693306,6.028932493,0.0752,4.276,9492.859
4.213046009,0.074469435,6.045752796,0.0746,4.276,9499.593
4.212986998,0.073273594,6.064193344,0.0752,4.276,9506.296
4.213122153,0.074187045,6.076556028,0.0752,4.276,9513
4.213085387,0.075190375,6.064514742,0.0752,4.276,9519.687
4.213114961,0.075680055,6.069289838,0.0752,4.276,9526.39
4.213296003,0.073625426,6.105826519,0.0746,4.276,9533.109
4.213187076,0.074387608,6.10542744,0.0746,4.276,9539.812
4.213170772,0.074162428,6.108030113,0.0746,4.276,9546.515
4.213331739,0.074592487,6.12579188,0.0746,4.276,9553.218
4.213259273,0.073973861,6.130038356,0.0746,4.276,9559.921
4.213146196,0.074219289,6.135490304,0.0746,4.276,9566.64
4.21328247,0.076259678,6.137271384,0.0746,4.276,9573.343
4.213545034,0.074019037,6.149457388,0.0746,4.276,9580.046
4.213514849,0.075007439,6.149137013,0.0746,4.276,9586.765
4.213543728,0.073296009,6.164635395,0.0741,4.276,9593.468
4.213258681,0.072279357,6.175447728,0.0746,4.276,9600.187
4.213326142,0.074293808,6.187718806,0.0741,4.276,9606.89
4.213487251,0.074847259,6.195694165,0.0746,4.276,9613.609
4.213453122,0.075076055,6.209837227,0.0746,4.276,9620.593
4.213476846,0.073097678,6.23136636,0.0741,4.276,9627.343
4.213572854,0.07517752,6.22961787,0.0741,4.276,9634.062
4.213531308,0.073345714,6.238593564,0.0741,4.276,9640.781
4.213488097,0.072574987,6.23159093,0.0741,4.276,9647.515
4.213483268,0.072353205,6.224433914,0.0741,4.276,9654.234
4.213625065,0.073773086,6.140724028,0.0735,4.276,9660.984
4.213602725,0.073824318,5.998288952,0.0741,4.276,9667.703
4.213776334,0.073047751,5.819804563,0.0741,4.276,9674.421
4.213638627,0.074397948,5.671326958,0.0735,4.276,9681.156
4.213802032,0.074271575,5.568867217,0.0735,4.276,9687.875
4.213910244,0.07243471,5.486033657,0.0735,4.276,9694.625
4.213987667,0.072334369,5.426082649,0.0735,4.276,9701.375
4.213976529,0.073107144,5.349717583,0.0735,4.276,9708.109
4.213847799,0.075222864,5.30088219,0.073,4.276,9714.812
4.214236558,0.073211202,5.247499838,0.0735,4.276,9721.515
4.214007863,0.071956576,5.178583356,0.073,4.276,9728.203
4.214246513,0.073962653,5.126061446,0.073,4.276,9734.921
4.21424002,0.072328506,5.034432204,0.073,4.276,9741.625
4.214189992,0.070607697,4.97632432,0.073,4.276,9748.328
4.214341,0.07103294,4.906960512,0.073,4.276,9755.031
4.214417584,0.072986055,4.839644873,0.0725,4.276,9761.718
4.214188189,0.072965876,4.796123166,0.0725,4.276,9768.421
4.21457414,0.071297175,4.727789878,0.0725,4.276,9775.125
4.211962626,0.055764913,4.680447307,0.0556,4.263,9781.828
4.211547347,0.052333862,4.606738613,0.0561,4.263,9788.546
4.21160922,0.05650379,4.563701485,0.0566,4.263,9795.265
4.211694348,0.056413629,4.512641821,0.0566,4.263,9802
4.211511474,0.055317309,4.452032829,0.0566,4.263,9808.718
4.21156707,0.05841695,4.368357564,0.0566,4.263,9815.453
4.211620174,0.056669606,4.332576354,0.0566,4.263,9822.156
4.211572458,0.054955625,4.275453041,0.0566,4.263,9828.89
4.211619384,0.056118525,4.233206322,0.0566,4.263,9835.593
4.211711213,0.054838752,4.161258444,0.0566,4.263,9842.296
4.211577874,0.056993483,4.172871759,0.0566,4.263,9849
4.211582139,0.055088757,4.246808607,0.0566,4.263,9855.703
4.211593706,0.054936151,4.34659569,0.0566,4.263,9862.406
4.211712814,0.054552791,4.394726627,0.0566,4.263,9869.109
4.211671798,0.056379708,4.440479846,0.0566,4.263,9875.796
4.211712788,0.054744927,4.472048421,0.0566,4.263,9882.5
4.211496812,0.057421113,4.501741273,0.0566,4.263,9889.203
4.211556114,0.055063248,4.518790525,0.0566,4.263,9895.906
4.211548803,0.054603606,4.574054974,0.0566,4.263,9902.609
4.211679816,0.055478692,4.591701554,0.0561,4.263,9909.312
4.21154626,0.055578379,4.632925517,0.0566,4.263,9916.015
4.211746933,0.05702126,4.664169807,0.0566,4.263,9922.718
4.211558513,0.055745777,4.675496499,0.0566,4.263,9929.437
4.211792029,0.056506624,4.702143916,0.0566,4.263,9936.125
4.211660007,0.055930569,4.693507322,0.0566,4.263,9942.828
4.211801744,0.055570582,4.700997007,0.0566,4.263,9949.531
4.211749551,0.055405686,4.699613584,0.0566,4.263,9956.218
4.211772242,0.055363595,4.734059258,0.0561,4.263,9962.937
4.211753476,0.056133312,4.738196222,0.0566,4.263,9969.64
4.21178385,0.05482642,4.762091093,0.0561,4.263,9976.328
4.211722847,0.054500321,4.768535666,0.0561,4.263,9983.031
4.211704934,0.05560115,4.782935811,0.0566,4.263,9989.718
4.211655074,0.055479365,4.798183534,0.0566,4.263,9996.437
4.211689483,0.056066242,4.801018877,0.0561,4.263,10003.14
4.21172302,0.056401977,4.814054959,0.0561,4.263,10009.859
4.211745295,0.053629301,4.824536003,0.0561,4.263,10016.578
4.21177249,0.056737583,4.826870538,0.0566,4.263,10023.328
4.212016028,0.054695543,4.839368172,0.0561,4.263,10030.046
4.21177559,0.054688786,4.866965338,0.0561,4.263,10036.765
4.21184723,0.055334558,4.867974256,0.0561,4.263,10043.484
4.211985055,0.055373515,4.859970984,0.0561,4.263,10050.203
4.212043806,0.053733867,4.885960691,0.0561,4.263,10056.937
4.211915479,0.055049283,4.889085307,0.0561,4.263,10063.656
4.211795641,0.055069919,4.899980488,0.0561,4.263,10070.375
4.211772131,0.055114508,4.897461411,0.0561,4.263,10077.093
4.211953274,0.055792026,4.904229076,0.0561,4.263,10083.812
4.212006591,0.054266382,4.916237237,0.0561,4.263,10090.562
4.211917914,0.055087655,4.935757217,0.0561,4.263,10097.281
4.211922891,0.055440474,4.944284348,0.0561,4.263,10103.984
4.211815682,0.055728563,4.966083851,0.0561,4.263,10110.703
4.212071163,0.054924109,4.97833884,0.0561,4.263,10117.437
4.212136434,0.055536623,4.984315151,0.0561,4.263,10124.156
4.212039147,0.054835219,4.993985732,0.0561,4.263,10130.859
4.212165196,0.054548159,4.995703907,0.0561,4.263,10137.578
4.21210604,0.055999248,5.011172681,0.0556,4.263,10144.296
4.211913054,0.053560083,5.009905016,0.0561,4.263,10151.031
4.21212083,0.054962426,5.023468188,0.0556,4.263,10157.75
4.212141401,0.054557823,5.038759083,0.0561,4.263,10164.453
4.211971667,0.055443358,5.050309232,0.0561,4.263,10171.156
4.212087458,0.054279489,5.068578412,0.0556,4.263,10177.875
4.212129063,0.054274437,5.085534325,0.0556,4.263,10184.609
4.211941062,0.054585675,5.082501783,0.0561,4.263,10191.343
4.212120863,0.054499343,5.091527698,0.0556,4.263,10198.046
4.212040744,0.054460568,5.10342615,0.0561,4.263,10204.75
4.212255309,0.056128147,5.114400376,0.0556,4.263,10211.453
4.212141108,0.054818058,5.131457228,0.0556,4.263,10218.156
4.212226656,0.054579084,5.160654796,0.0556,4.263,10224.859
4.212164964,0.055070514,5.170695484,0.0556,4.263,10231.562
4.212343712,0.055113431,5.170101194,0.0556,4.263,10238.265
4.212412066,0.055076161,5.19258446,0.0556,4.263,10244.953
4.212392578,0.055548538,5.195908447,0.0556,4.263,10251.671
4.212419243,0.054454144,5.204130112,0.0556,4.263,10258.39
4.21227576,0.054723261,5.22220439,0.0556,4.263,10265.109
4.21250796,0.057908209,5.228619562,0.0556,4.263,10271.812
4.21229915,0.054281515,5.231005579,0.055,4.263,10278.562
4.212333581,0.055235062,5.261928113,0.055,4.263,10285.281
4.212270739,0.056142569,5.286971214,0.0556,4.263,10292
4.212297664,0.053933023,5.294221238,0.0556,4.263,10298.718
4.212407001,0.054443835,5.315914464,0.0556,4.263,10305.437
4.212294654,0.05416781,5.323189836,0.0556,4.263,10312.171
4.21253137,0.058287509,5.336683164,0.055,4.263,10318.89
4.212467211,0.056812862,5.341026791,0.0556,4.263,10325.609
4.212379299,0.055611821,5.347310493,0.0556,4.263,10332.328
4.212304278,0.053994333,5.350152173,0.0556,4.263,10339.046
4.212336372,0.054735318,5.367761951,0.055,4.263,10345.796
4.212525246,0.054515302,5.385101156,0.055,4.263,10352.546
4.212395666,0.054752183,5.388999519,0.055,4.263,10359.25
4.212616432,0.05748791,5.409899556,0.0556,4.263,10365.953
4.212466125,0.054741758,5.421695796,0.055,4.263,10372.671
4.212546446,0.055181911,5.423605817,0.055,4.263,10379.375
4.212387464,0.05413596,5.416504422,0.055,4.263,10386.078
4.212429284,0.055360508,5.424802094,0.055,4.263,10392.781
4.212518772,0.055815689,5.441987432,0.055,4.263,10399.484
4.212507782,0.05470757,5.475320979,0.055,4.263,10406.187
4.212517519,0.056201866,5.477487639,0.055,4.263,10412.906
4.21259805,0.055168945,5.489373127,0.055,4.263,10419.625
4.212593214,0.054227527,5.49432922,0.055,4.263,10426.328
4.212507702,0.055617575,5.518942464,0.055,4.263,10433.046
4.21257608,0.055438316,5.532656234,0.055,4.263,10439.796
4.212682823,0.054912903,5.557809763,0.055,4.263,10446.515
4.21258384,0.054258976,5.547428103,0.055,4.263,10453.234
4.212496497,0.055052821,5.548412677,0.055,4.263,10459.937
4.212626328,0.054338315,5.551207916,0.055,4.263,10466.671
4.21252779,0.053929029,5.584648799,0.055,4.263,10473.406
4.212707739,0.05461028,5.585657738,0.055,4.263,10480.125
4.212732201,0.055550505,5.582494815,0.055,4.263,10486.828
4.212738391,0.054036315,5.599492243,0.055,4.263,10493.546
4.212786971,0.055090005,5.601068687,0.055,4.263,10500.296
4.212615224,0.054086932,5.620441542,0.055,4.263,10507.015
4.21281369,0.054189502,5.642117046,0.0545,4.263,10513.734
4.213006602,0.055590391,5.634700995,0.0545,4.263,10520.453
4.21270473,0.055496549,5.660884009,0.0545,4.263,10527.187
4.212723597,0.054004144,5.656669731,0.055,4.263,10533.921
4.212776394,0.056929336,5.659318097,0.0545,4.263,10540.656
4.21255509,0.054736179,5.655876129,0.0545,4.263,10547.359
4.212851476,0.053333051,5.681599719,0.0545,4.263,10554.062
4.212865466,0.055242388,5.694422977,0.0545,4.263,10560.765
4.212820847,0.05360747,5.689107622,0.0545,4.263,10567.468
4.212806839,0.053877383,5.696366728,0.0545,4.263,10574.171
4.212659216,0.057037275,5.715490957,0.055,4.263,10580.875
4.21298945,0.054876928,5.731555556,0.0545,4.263,10587.562
4.212937746,0.052576069,5.758283549,0.0545,4.263,10594.265
4.212782807,0.05389417,5.747428095,0.0545,4.263,10600.968
4.213003335,0.055445447,5.76413201,0.0545,4.263,10607.671
4.213139793,0.056980472,5.774759121,0.0545,4.263,10614.375
4.213092125,0.053317392,5.792357427,0.0545,4.263,10621.062
4.212907701,0.052945002,5.794224677,0.0545,4.263,10627.796
4.212897145,0.052705493,5.786092163,0.0539,4.263,10634.515
4.213004455,0.054736659,5.803174935,0.0545,4.263,10641.218
4.212867771,0.053233501,5.80462315,0.0545,4.263,10647.921
4.213096177,0.054375314,5.834401298,0.0539,4.263,10654.625
4.212899391,0.051896189,5.822039538,0.0539,4.263,10661.328
4.21329004,0.053714038,5.849623201,0.0539,4.263,10668.031
4.212873258,0.052433454,5.868765115,0.0539,4.263,10674.718
4.213212971,0.054877619,5.873162674,0.0539,4.263,10681.421
4.212827443,0.055337273,5.889161829,0.0539,4.263,10688.125
4.213190753,0.05242621,5.889414595,0.0545,4.263,10694.843
4.21308637,0.052921081,5.894934442,0.0539,4.263,10701.531
4.213176063,0.054914007,5.92440496,0.0539,4.263,10708.234
4.212846778,0.056852229,5.934440763,0.0539,4.263,10714.953
4.21328769,0.054857966,5.945905415,0.0539,4.263,10721.656
4.213077861,0.052296703,5.956150421,0.0539,4.263,10728.359
4.213145775,0.052837706,5.960278754,0.0539,4.263,10735.046
4.213263832,0.053091856,5.979296238,0.0539,4.263,10741.75
4.213008395,0.05302775,5.976949374,0.0539,4.263,10748.453
4.21330035,0.056388684,5.981248412,0.0539,4.263,10755.156
4.213111508,0.054130472,5.992669373,0.0539,4.263,10761.875
4.213258183,0.05349136,5.997974635,0.0539,4.263,10768.578
4.213361298,0.052302689,5.992545297,0.0539,4.263,10775.265
4.213144873,0.053932357,6.003212105,0.0534,4.263,10781.968
4.213328109,0.054803043,6.021727942,0.0539,4.263,10788.687
4.213529827,0.053783304,6.020959681,0.0539,4.263,10795.39
4.213449372,0.053735726,6.026994047,0.0539,4.263,10802.078
