AvgVoltage_x,MinVoltage,AvgCurrent_x,MaxTemp_x,DischargeCapacity_Ah,Cycle,RUL,AvgVoltage_y,AvgCurrent_y,MaxTemp_y,CycleCapacity_Ah,Avg_Battery_Impedance,Max_Battery_Impedance,Avg_Rectified_Impedance,Avg_Current_Ratio,Avg_Sense_Current,Avg_Battery_Current,Current_fixed,R0,R1,C1,tau,ECM_RUL,Residual
4.199359521791473,4.199359521791473,-0.001865891883368,23.93704394613529,1.89105229539079,1,124,4.199359521791473,0.001865891883368,23.93704394613529,1.89105229539079,0.1651879779651129,0.1651879779651129,0.0,0.0,0.0,0.0,0.01,0.23737735716280509,0.23737735716280509,2.964040054168304,0.7035959945831696,105.39999999999999,18.60000000000001
4.198257409594461,4.198257409594461,0.0007130504619326,24.267087815290243,1.880637027686859,2,123,4.198257409594461,0.0007130504619326,24.267087815290243,1.880637027686859,0.1602767295391655,0.1602767295391655,0.0,0.0,0.0,0.0,0.01,0.21250085493351994,0.22493910604816253,3.0774996957484695,0.6922500304251529,104.55,18.450000000000003
4.198280074112568,4.198280074112568,-0.0025133817380137,24.328571506102985,1.8806626717011388,3,122,4.198280074112568,0.0025133817380137,24.328571506102985,1.8806626717011388,0.1662676158875389,0.1662676158875389,0.0,0.0,0.0,0.0,0.01,0.2130124307392642,0.22096354761186307,3.1156186035471127,0.6884381396452888,103.7,18.299999999999997
4.197941750771344,4.197941750771344,-0.0018378557671969,24.22884709213011,1.8807709009833444,4,121,4.197941750771344,0.0018378557671969,24.22884709213011,1.8807709009833444,-0.091016368523484,-0.091016368523484,0.0,0.0,0.0,0.0,0.01,0.20537591117709,0.21706663850316982,3.153911129599977,0.6846088870400021,102.85,18.150000000000006
4.198464224146956,4.198464224146956,-0.0024644442741414,24.13830760704513,1.879450872828505,5,120,4.198464224146956,0.0024644442741414,24.13830760704513,1.879450872828505,0.1648742327878794,0.1648742327878794,0.0,0.0,0.0,0.0,0.01,0.21716900277737788,0.21708711135801143,3.1537074960796394,0.684629250392036,102.0,18.0
4.197902988175172,4.197902988175172,-0.0004243475852501,24.14796432405108,1.8807003517117404,6,119,4.197902988175172,0.0004243475852501,24.14796432405108,1.8807003517117404,-0.0192120160798466,-0.0192120160798466,0.0,0.0,0.0,0.0,0.01,0.20450097502022974,0.21051183492949638,3.220489165017031,0.6779510834982968,101.14999999999999,17.85000000000001
4.197891547056767,4.197891547056767,-0.0032041818056972,24.255515986671373,1.8799352523566075,7,118,4.197891547056767,0.0032041818056972,24.255515986671373,1.8799352523566075,0.1639024127240717,0.1639024127240717,0.0,0.0,0.0,0.0,0.01,0.20424272998105006,0.20886020993900237,3.237710678877971,0.6762289321122029,100.3,17.700000000000003
4.19920088820775,4.19920088820775,-0.0040143426301156,24.30295214496604,1.88150881240388,8,117,4.19920088820775,0.0040143426301156,24.30295214496604,1.88150881240388,-0.249458036182198,-0.249458036182198,0.0,0.0,0.0,0.0,0.01,0.23379673378359903,0.21301707054786934,3.194713944034152,0.6805286055965848,99.45,17.549999999999997
4.198273632768149,4.198273632768149,0.0005697252689816,24.257530932186896,1.8696907870385844,9,116,4.198273632768149,0.0005697252689816,24.257530932186896,1.8696907870385844,0.1751625689903573,0.1751625689903573,0.0,0.0,0.0,0.0,0.01,0.21286703890055128,0.2145152960925616,3.1794955998124204,0.682050440018758,98.6,17.400000000000006
4.198830761298339,4.198830761298339,0.0035107556642499,24.189583713016194,1.870052380139199,10,115,4.198830761298339,0.0035107556642499,24.189583713016194,1.870052380139199,0.0904415558668389,0.0904415558668389,0.0,0.0,0.0,0.0,0.01,0.2254423548809408,0.2161699665132742,3.1628557608681516,0.6837144239131847,97.75,17.25
4.198720291823363,4.198720291823363,-0.0026559963346203,24.062655752137022,1.8700442394188577,11,114,4.198720291823363,0.0026559963346203,24.062655752137022,1.8700442394188577,0.1645078312180924,0.1645078312180924,0.0,0.0,0.0,0.0,0.01,0.22294887540763636,0.2198595465907555,3.12637221761416,0.6873627782385839,96.89999999999999,17.10000000000001
4.198945227315025,4.198945227315025,-0.0027677002768418,24.334878490739897,1.8596518987766364,12,113,4.198945227315025,0.0027677002768418,24.334878490739897,1.8596518987766364,-0.0448029945067615,-0.0448029945067615,0.0,0.0,0.0,0.0,0.01,0.2280260429364607,0.2246162091818376,3.0805608953428387,0.691943910465716,96.05,16.950000000000003
4.199051302806796,4.199051302806796,0.0021769059281878,24.352069874766624,1.8590746560862208,13,112,4.199051302806796,0.0021769059281878,24.352069874766624,1.8590746560862208,0.1647600982122057,0.1647600982122057,0.0,0.0,0.0,0.0,0.01,0.23042034291307392,0.22394093100773263,3.086982546136257,0.6913017453863743,95.2,16.799999999999997
4.197967675754507,4.197967675754507,-0.0013496477608391,24.13317390074807,1.8590084577709232,14,111,4.197967675754507,0.0013496477608391,24.13317390074807,1.8590084577709232,-0.0724581911789415,-0.0724581911789415,0.0,0.0,0.0,0.0,0.01,0.205961081092816,0.22255973944618557,3.100200916943125,0.6899799083056875,94.35,16.650000000000006
4.19925638222589,4.19925638222589,-0.0011324628611877,24.072501109913752,1.8593622586957048,15,110,4.19925638222589,0.0011324628611877,24.072501109913752,1.8593622586957048,0.1633881411830336,0.1633881411830336,0.0,0.0,0.0,0.0,0.01,0.23504932591506555,0.2244811336530105,3.081843276192961,0.6918156723807038,93.5,16.5
4.198809496382092,4.198809496382092,-0.0029823179094988,23.938131916668528,1.8587355450601035,16,109,4.198809496382092,0.0029823179094988,23.938131916668528,1.8587355450601035,0.0054913257350405,0.0054913257350405,0.0,0.0,0.0,0.0,0.01,0.22496237041304545,0.22488383265409234,3.07802327936925,0.6921976720630749,92.64999999999999,16.35000000000001
4.19879257501117,4.19879257501117,-0.0019590482402041,23.932016714666645,1.847817291322145,17,108,4.19879257501117,0.0019590482402041,23.932016714666645,1.847817291322145,0.1644937990403636,0.1644937990403636,0.0,0.0,0.0,0.0,0.01,0.2245804269751796,0.2241947094618361,3.0845660672871626,0.6915433932712838,91.8,16.200000000000003
4.1985172274243965,4.1985172274243965,0.0004326258514957,23.985654738703733,1.8485252916137047,18,107,4.1985172274243965,0.0004326258514957,23.985654738703733,1.8485252916137047,-0.1846968984296541,-0.1846968984296541,0.0,0.0,0.0,0.0,0.01,0.21836537475564585,0.22178371583035048,3.1076774578835926,0.6892322542116407,90.95,16.049999999999997
4.198141640180731,4.198141640180731,-0.0024409084852146,23.98814734636334,1.848378951850034,19,106,4.198141640180731,0.0024409084852146,23.98814734636334,1.848378951850034,0.1636342575886031,0.1636342575886031,0.0,0.0,0.0,0.0,0.01,0.209887747042546,0.22256904902029645,3.100111442921105,0.6899888557078894,90.1,15.900000000000006
4.196060627765756,4.196060627765756,-0.0008292148953224,24.35868522365832,1.8807805437609768,20,105,4.196060627765756,0.0008292148953224,24.35868522365832,1.8807805437609768,-0.0512664176691671,-0.0512664176691671,0.0,0.0,0.0,0.0,0.01,0.16291584153178038,0.20814235214363946,3.2452533481468766,0.6754746651853122,89.25,15.75
4.196697192985168,4.196697192985168,-0.0008261327531037,24.65485983809548,1.88147215974436,21,104,4.196697192985168,0.0008261327531037,24.65485983809548,1.88147215974436,0.1716335893880522,0.1716335893880522,0.0,0.0,0.0,0.0,0.01,0.1772841754842802,0.19860671315788642,3.348886531801635,0.6651113468198364,88.39999999999999,15.600000000000009
4.196951235755862,4.196951235755862,0.0013452537587627,24.314302419669428,1.8810954313244783,22,103,4.196951235755862,0.0013452537587627,24.314302419669428,1.8810954313244783,0.0840182154417966,0.0840182154417966,0.0,0.0,0.0,0.0,0.01,0.18301834263045785,0.19029429628894207,3.4447800483294992,0.6555219951670499,87.55,15.450000000000003
4.196666467438727,4.196666467438727,-0.0029085067266882,23.9467139821556,1.8710089649779995,23,102,4.196666467438727,0.0029085067266882,23.9467139821556,1.8710089649779995,0.1842672053215953,0.1842672053215953,0.0,0.0,0.0,0.0,0.01,0.1765906488845393,0.18193935111472076,3.5468621036625043,0.6453137896337495,86.7,15.299999999999997
4.1966416719103465,4.1966416719103465,-0.0021254336536527,23.7951049382806,1.8701995151941373,24,101,4.1966416719103465,0.0021254336536527,23.7951049382806,1.8701995151941373,0.1836149588320326,0.1836149588320326,0.0,0.0,0.0,0.0,0.01,0.17603097263859338,0.17516799623393023,3.634143554797208,0.6365856445202791,85.85,15.150000000000006
4.1971302559922,4.1971302559922,-0.0003786300348992,23.737266454884896,1.8706715362800983,25,100,4.1971302559922,0.0003786300348992,23.737266454884896,1.8706715362800983,0.1842124380558105,0.1842124380558105,0.0,0.0,0.0,0.0,0.01,0.187059126609107,0.17999665324939554,3.57147126008428,0.642852873991572,85.0,15.0
4.196450282799754,4.196450282799754,-0.0014954156580665,23.652272583938505,1.8596124644020169,26,99,4.196450282799754,0.0014954156580665,23.652272583938505,1.8596124644020169,0.1841854834873635,0.1841854834873635,0.0,0.0,0.0,0.0,0.01,0.17171100263078407,0.17888201867869633,3.585745702565762,0.6414254297434238,84.14999999999999,14.850000000000009
4.196790308710931,4.196790308710931,0.0005398984445576,23.526608715948186,1.860033909718346,27,98,4.196790308710931,0.0005398984445576,23.526608715948186,1.860033909718346,0.1824308669900249,0.1824308669900249,0.0,0.0,0.0,0.0,0.01,0.17938595202372917,0.17815554055735058,3.595110843365776,0.6404889156634224,83.3,14.700000000000003
4.196693048697735,4.196693048697735,-0.004974860400859,23.487149781417028,1.8591653109160768,28,97,4.196693048697735,0.004974860400859,23.487149781417028,1.8591653109160768,0.1814694501187762,0.1814694501187762,0.0,0.0,0.0,0.0,0.01,0.17719063203577542,0.17827553718759784,3.59356057706882,0.6406439422931179,82.45,14.549999999999997
4.197078923354,4.197078923354,-0.0036125430065601,23.50330268668737,1.8481398178778288,29,96,4.197078923354,0.0036125430065601,23.50330268668737,1.8481398178778288,0.1823912352409523,0.1823912352409523,0.0,0.0,0.0,0.0,0.01,0.18590046373240454,0.18024943540636004,3.5682498291209965,0.6431750170879004,81.6,14.400000000000006
4.196062203382386,4.196062203382386,-0.0039594967607994,23.520585860135142,1.849201702126164,30,95,4.196062203382386,0.0039594967607994,23.520585860135142,1.849201702126164,0.1827473883729864,0.1827473883729864,0.0,0.0,0.0,0.0,0.01,0.16295140581526757,0.17542789124759217,3.630714360373415,0.6369285639626586,80.75,14.25
4.206370624421659,4.206370624421659,-0.0039666938170164,23.53947711234268,1.8834677437950849,31,94,4.206370624421659,0.0039666938170164,23.53947711234268,1.8834677437950849,0.1822693280194362,0.1822693280194362,0.0,0.0,0.0,0.0,0.01,0.3956295847331595,0.22021160766806727,3.122934884473658,0.6877065115526342,79.89999999999999,14.100000000000009
4.203187727641822,4.203187727641822,0.0016192589541852,23.9542942093336,1.8628211117905844,32,93,4.203187727641822,0.0016192589541852,23.9542942093336,1.8628211117905844,0.1823569642605195,0.1823569642605195,0.0,0.0,0.0,0.0,0.01,0.3237863195430262,0.24909168117192665,2.864576997775844,0.7135423002224154,79.05,13.950000000000003
4.202855529853741,4.202855529853741,-0.0026590175664128,23.7356722226572,1.852085039652352,33,92,4.202855529853741,0.0026590175664128,23.7356722226572,1.852085039652352,0.1825354858894102,0.1825354858894102,0.0,0.0,0.0,0.0,0.01,0.31628806388613806,0.2769111675419992,2.653145054102357,0.7346854945897643,78.2,13.799999999999997
4.2027504558714135,4.2027504558714135,-0.0031528832819424,23.309807963383705,1.8469504648208708,34,91,4.2027504558714135,0.0031528832819424,23.309807963383705,1.8469504648208708,0.1826269950457974,0.1826269950457974,0.0,0.0,0.0,0.0,0.01,0.31391636964058584,0.3025143487236354,2.4843834838956154,0.7515616516104384,77.35,13.650000000000006
4.202497792748939,4.202497792748939,-0.0024989351724238,23.305948209951065,1.836828431169018,35,90,4.202497792748939,0.0024989351724238,23.305948209951065,1.836828431169018,0.1845047769121834,0.1845047769121834,0.0,0.0,0.0,0.0,0.01,0.3082133434454805,0.33156673624967803,2.3171387319838788,0.7682861268016121,76.5,13.5
4.20243913428064,4.20243913428064,-0.0067252250815581,23.739006255698545,1.837161961967228,36,89,4.20243913428064,0.0067252250815581,23.739006255698545,1.837161961967228,0.1826109546843136,0.1826109546843136,0.0,0.0,0.0,0.0,0.01,0.30688932441969174,0.31381868418698444,2.4165172772821175,0.7583482722717884,75.64999999999999,13.350000000000009
4.202715171837935,4.202715171837935,0.0006200071499489,23.487622777066665,1.8316722583718847,37,88,4.202715171837935,0.0006200071499489,23.487622777066665,1.8316722583718847,0.181019540990199,0.181019540990199,0.0,0.0,0.0,0.0,0.01,0.31311995041952084,0.31168541036228337,2.4290392003933285,0.7570960799606673,74.8,13.200000000000003
4.203023971708643,4.203023971708643,-0.001419485926092,23.2595984254445,1.8211470951317783,38,87,4.203023971708643,0.001419485926092,23.2595984254445,1.8211470951317783,0.1807622103114065,0.1807622103114065,0.0,0.0,0.0,0.0,0.01,0.32009007623147523,0.31244581283135087,2.42456092143406,0.757543907856594,73.95,13.049999999999997
4.202697887601401,4.202697887601401,-0.0035337596294626,23.02752211633403,1.816506091511515,39,86,4.202697887601401,0.0035337596294626,23.02752211633403,1.816506091511515,0.1818795203270662,0.1818795203270662,0.0,0.0,0.0,0.0,0.01,0.31272981650226006,0.3122085022036857,2.425956754055178,0.7574043245944823,73.1,12.900000000000006
4.202582706720855,4.202582706720855,-0.0067619897803883,23.19557262400947,1.811381560150456,40,85,4.202582706720855,0.0067619897803883,23.19557262400947,1.811381560150456,0.1829213452934895,0.1829213452934895,0.0,0.0,0.0,0.0,0.01,0.31012999278245196,0.31259183207108,2.4237028517513726,0.7576297148248627,72.25,12.75
4.203035094861703,4.203035094861703,0.0005017093700327,23.759419652346843,1.8116056333939583,41,84,4.203035094861703,0.0005017093700327,23.759419652346843,1.8116056333939583,0.1832140704923545,0.1832140704923545,0.0,0.0,0.0,0.0,0.01,0.32034114426487614,0.31528219604011687,2.4080011364209764,0.7591998863579025,71.39999999999999,12.600000000000009
4.202608242479543,4.202608242479543,-0.0055844678460177,23.9923227657072,1.8060548955557405,42,83,4.202608242479543,0.0055844678460177,23.9923227657072,1.8060548955557405,0.183012164510104,0.183012164510104,0.0,0.0,0.0,0.0,0.01,0.3107063772555069,0.3147994814073141,2.4108033997709986,0.7589196600229001,70.55,12.450000000000003
4.19612459601344,4.19612459601344,0.0009071057750656,23.71738806870469,1.8132041826994056,43,82,4.19612459601344,0.0009071057750656,23.71738806870469,1.8132041826994056,0.1814659231398629,0.1814659231398629,0.0,0.0,0.0,0.0,0.01,0.16435971109463077,0.2836534083799452,2.6065192649342124,0.7393480735065787,69.7,12.299999999999997
4.204295462895431,4.204295462895431,-0.0007153493376797,23.5298942598068,1.8062641938283528,44,81,4.204295462895431,0.0007153493376797,23.5298942598068,1.8062641938283528,0.1818483861293938,0.1818483861293938,0.0,0.0,0.0,0.0,0.01,0.34878974349621594,0.2908653937787363,2.5584255242767453,0.7441574475723255,68.85,12.150000000000006
4.201835131331625,4.201835131331625,-0.0015018644587305,23.08807388106935,1.7958310249900458,45,80,4.201835131331625,0.0015018644587305,23.08807388106935,1.7958310249900458,0.1811069241283468,0.1811069241283468,0.0,0.0,0.0,0.0,0.01,0.2932559749763138,0.2874905902175087,2.580707829417673,0.7419292170582327,68.0,12.0
4.202901194454151,4.202901194454151,3.0599988692778224e-05,22.99093247491259,1.7858852600390451,46,79,4.202901194454151,3.0599988692778224e-05,22.99093247491259,1.7858852600390451,0.1811978133634885,0.1811978133634885,0.0,0.0,0.0,0.0,0.01,0.3173187897387179,0.28688611931227703,2.5847399275466,0.7415260072453401,67.14999999999999,11.850000000000009
4.201756108371374,4.201756108371374,-0.0042332392772705,22.97528398790301,1.780326860450275,47,78,4.201756108371374,0.0042332392772705,22.97528398790301,1.780326860450275,0.1921327944452981,0.1921327944452981,0.0,0.0,0.0,0.0,0.01,0.2914722955540332,0.2830393029719823,2.6106981509235507,0.738930184907645,66.3,11.700000000000003
4.191916354433964,4.191916354433964,-0.0001758019097429,26.469089975309167,1.8150756899575573,48,77,4.191916354433964,0.0001758019097429,26.469089975309167,1.8150756899575573,0.1908443062759118,0.1908443062759118,0.0,0.0,0.0,0.0,0.01,0.0693727112981891,0.264041903012694,2.746936524955838,0.725306347504416,65.45,11.549999999999997
4.203330153285592,4.203330153285592,-0.0017369371715867,25.3863555458825,1.815702515484584,49,76,4.203330153285592,0.0017369371715867,25.3863555458825,1.815702515484584,0.1907819092957572,0.1907819092957572,0.0,0.0,0.0,0.0,0.01,0.3270011028058808,0.25968417487462697,2.780216839811104,0.7219783160188895,64.6,11.400000000000006
4.20248271441994,4.20248271441994,-0.0013405891590471,24.52729217591068,1.800243217805667,50,75,4.20248271441994,0.0013405891590471,24.52729217591068,1.800243217805667,0.1902384439610746,0.1902384439610746,0.0,0.0,0.0,0.0,0.01,0.30787300052398725,0.2626075799841617,2.7578022501451263,0.7242197749854873,63.75,11.25
4.203276539809248,4.203276539809248,-0.0027653130175069,24.049002964015955,1.7904476205609308,51,74,4.203276539809248,0.0027653130175069,24.049002964015955,1.7904476205609308,0.1890481586664394,0.1890481586664394,0.0,0.0,0.0,0.0,0.01,0.3257909576251947,0.264302013561457,2.744975220487773,0.7255024779512228,62.9,11.100000000000001
4.202580870413733,4.202580870413733,-0.0055603203011334,23.72477221974692,1.780343032300132,52,73,4.202580870413733,0.0055603203011334,23.72477221974692,1.780343032300132,0.1906098246613216,0.1906098246613216,0.0,0.0,0.0,0.0,0.01,0.31008854428171767,0.2680252633069939,2.7172047674505286,0.728279523254947,62.05,10.950000000000003
4.203244171517053,4.203244171517053,-0.0043350199935118,23.743245769668285,1.775328769596812,53,72,4.203244171517053,0.0043350199935118,23.743245769668285,1.775328769596812,0.193082090372446,0.193082090372446,0.0,0.0,0.0,0.0,0.01,0.325060351526175,0.3191627913525911,2.385707941234747,0.7614292058765253,61.199999999999996,10.800000000000004
4.202697222668131,4.202697222668131,-0.0009153700172719,24.07167963443903,1.770262973473285,54,71,4.202697222668131,0.0009153700172719,24.07167963443903,1.770262973473285,0.1926284759792704,0.1926284759792704,0.0,0.0,0.0,0.0,0.01,0.31271480785429456,0.3163055323622739,2.402081938055506,0.7597918061944494,60.35,10.649999999999999
4.202581421564202,4.202581421564202,-0.0046923442860331,23.85737755230868,1.760081061854204,55,70,4.202581421564202,0.0046923442860331,23.85737755230868,1.760081061854204,0.1918738716544433,0.1918738716544433,0.0,0.0,0.0,0.0,0.01,0.31010098466291935,0.31675112919006027,2.3995135944645463,0.7600486405535454,59.5,10.5
4.201127463298259,4.201127463298259,-0.0011847590736997,23.74276611720144,1.749647593537689,56,69,4.201127463298259,0.0011847590736997,23.74276611720144,1.749647593537689,0.1920644482614419,0.1920644482614419,0.0,0.0,0.0,0.0,0.01,0.2772827324540416,0.30704948415582967,2.456703764344221,0.754329623565578,58.65,10.350000000000001
4.202508747096239,4.202508747096239,-0.0016331317789768,23.587639063990324,1.749650075059311,57,68,4.202508747096239,0.0016331317789768,23.587639063990324,1.749650075059311,0.1921965496743218,0.1921965496743218,0.0,0.0,0.0,0.0,0.01,0.3084606012526006,0.30672389555000623,2.4586703927186675,0.7541329607281334,57.8,10.200000000000003
4.202197348597037,4.202197348597037,-0.0042154620340033,23.71539206843909,1.745028739214683,58,67,4.202197348597037,0.0042154620340033,23.71539206843909,1.745028739214683,0.1923324289042827,0.1923324289042827,0.0,0.0,0.0,0.0,0.01,0.3014318200807929,0.3019981892609298,2.487573393896354,0.7512426606103646,56.949999999999996,10.050000000000004
4.202490707154508,4.202490707154508,-0.0049216862868192,24.226269945943525,1.739645745528673,59,66,4.202490707154508,0.0049216862868192,24.226269945943525,1.739645745528673,0.191133270355304,0.191133270355304,0.0,0.0,0.0,0.0,0.01,0.3080534098142997,0.3010659096529308,2.493355770041306,0.7506644229958696,56.1,9.899999999999999
4.20211186646044,4.20211186646044,-0.0069971761775205,24.018613045430666,1.7285642277717963,60,65,4.20211186646044,0.0069971761775205,24.018613045430666,1.7285642277717963,0.192796547655317,0.192796547655317,0.0,0.0,0.0,0.0,0.01,0.29950234632358264,0.2989461819850635,2.5066037604978004,0.74933962395022,55.25,9.75
4.202924241129693,4.202924241129693,-0.0013898080913406,23.868157730931408,1.723900324588418,61,64,4.202924241129693,0.0013898080913406,23.868157730931408,1.723900324588418,0.192330549606886,0.192330549606886,0.0,0.0,0.0,0.0,0.01,0.31783899147232236,0.30705743378871964,2.4566557861194673,0.7543344213880533,54.4,9.600000000000001
4.202395835117333,4.202395835117333,-0.0024915250421958,23.679272417109907,1.7139788776485192,62,63,4.202395835117333,0.0024915250421958,23.679272417109907,1.7139788776485192,0.1934326710031513,0.1934326710031513,0.0,0.0,0.0,0.0,0.01,0.305911990410086,0.30654771162021677,2.4597358967160208,0.754026410328398,53.55,9.450000000000003
4.202569562007692,4.202569562007692,-0.0065278653899569,23.841899649981112,1.7139701997004613,63,62,4.202569562007692,0.0065278653899569,23.841899649981112,1.7139701997004613,0.1920841675439747,0.1920841675439747,0.0,0.0,0.0,0.0,0.01,0.3098332947809513,0.3082280065602484,2.449611452252027,0.7550388547747974,52.699999999999996,9.300000000000004
4.201287153879833,4.201287153879833,-0.0007958038496053,24.23912269518512,1.7036521173638766,64,61,4.201287153879833,0.0007958038496053,24.23912269518512,1.7036521173638766,0.1944665964389085,0.1944665964389085,0.0,0.0,0.0,0.0,0.01,0.28088721402977557,0.3027947674033436,2.4826538995195966,0.7517346100480402,51.85,9.149999999999999
4.203984334358096,4.203984334358096,-0.0031850711590857,24.100749099673767,1.7040137474382486,65,60,4.203984334358096,0.0031850711590857,24.100749099673767,1.7040137474382486,0.1926465942588004,0.1926465942588004,0.0,0.0,0.0,0.0,0.01,0.3417670558119655,0.31124770930102014,2.431624486613327,0.7568375513386671,51.0,9.0
4.20220228055958,4.20220228055958,-0.0044114479900127,23.897590280042657,1.6935716157343033,66,59,4.20220228055958,0.0044114479900127,23.897590280042657,1.6935716157343033,0.1942434579118745,0.1942434579118745,0.0,0.0,0.0,0.0,0.01,0.301543142664386,0.30798853953943284,2.4510492405714945,0.7548950759428505,50.15,8.850000000000001
4.201755934400281,4.201755934400281,-0.0035722528408191,23.75513020954748,1.6876577363877656,67,58,4.201755934400281,0.0035722528408191,23.75513020954748,1.6876577363877656,0.191696575039176,0.191696575039176,0.0,0.0,0.0,0.0,0.01,0.29146836873760895,0.30509981520493745,2.4685274158767667,0.7531472584123233,49.3,8.700000000000003
4.202600613133091,4.202600613133091,0.000632690000726,23.73696970117044,1.6830744356583152,68,57,4.202600613133091,0.000632690000726,23.73696970117044,1.6830744356583152,0.1929047941047738,0.1929047941047738,0.0,0.0,0.0,0.0,0.01,0.31053417023836255,0.3052399902964197,2.4676735365345683,0.7532326463465433,48.449999999999996,8.550000000000004
4.202295008453833,4.202295008453833,-0.0030463388932031,23.791281395349262,1.6779270142025482,69,56,4.202295008453833,0.0030463388932031,23.791281395349262,1.6779270142025482,0.1928313062055036,0.1928313062055036,0.0,0.0,0.0,0.0,0.01,0.30363616520269754,0.3097897805310041,2.4402755937549334,0.7559724406245065,47.6,8.399999999999999
4.202842977920607,4.202842977920607,-0.0027129707265814,23.8371835445039,1.6732060275966172,70,55,4.202842977920607,0.0027129707265814,23.8371835445039,1.6732060275966172,0.1937281953558199,0.1937281953558199,0.0,0.0,0.0,0.0,0.01,0.31600474591413696,0.3046373185514384,2.4713489195210694,0.7528651080478931,46.75,8.25
4.202031500801591,4.202031500801591,-0.0018019908384141,23.78037304316956,1.6674367208253988,71,54,4.202031500801591,0.0018019908384141,23.78037304316956,1.6674367208253988,0.191670682949018,0.191670682949018,0.0,0.0,0.0,0.0,0.01,0.29768835996454346,0.3038663620114699,2.476066575635234,0.7523933424364766,45.9,8.100000000000001
4.202335745153063,4.202335745153063,-0.0029356861610411,23.770282871894263,1.6622662630667526,72,53,4.202335745153063,0.0029356861610411,23.770282871894263,1.6622662630667526,0.1935570737824822,0.1935570737824822,0.0,0.0,0.0,0.0,0.01,0.30455566014338625,0.30648382029262533,2.4601225192188605,0.753987748078114,45.05,7.950000000000003
4.201773071145273,4.201773071145273,-0.0012912708690585,23.76194654931583,1.6574243065763063,73,52,4.201773071145273,0.0012912708690585,23.76194654931583,1.6574243065763063,0.1926335420415106,0.1926335420415106,0.0,0.0,0.0,0.0,0.01,0.29185517352586837,0.3027480209501265,2.4829420580165507,0.7517057941983448,44.199999999999996,7.800000000000004
4.201486505584843,4.201486505584843,-0.0051074849252747,23.75415567195125,1.652538684928734,74,51,4.201486505584843,0.0051074849252747,23.75415567195125,1.652538684928734,0.1930754617686772,0.1930754617686772,0.0,0.0,0.0,0.0,0.01,0.2853869130146495,0.2990981705125169,2.5056491707687165,0.7494350829231282,43.35,7.649999999999999
4.2019492746220735,4.2019492746220735,-0.0032167270698111,23.692389087728422,1.6472174627573322,75,50,4.2019492746220735,0.0032167270698111,23.692389087728422,1.6472174627573322,0.1916631611666266,0.1916631611666266,0.0,0.0,0.0,0.0,0.01,0.29583237856480193,0.29506369704264995,2.531237386491735,0.7468762613508263,42.5,7.5
4.202045571197949,4.202045571197949,0.0025842973651256,23.65119377825813,1.6364136810898071,76,49,4.202045571197949,0.0025842973651256,23.65119377825813,1.6364136810898071,0.1932556070265473,0.1932556070265473,0.0,0.0,0.0,0.0,0.01,0.29800595217277576,0.2951272154842964,2.530830478923928,0.7469169521076071,41.65,7.350000000000001
4.204697039833386,4.204697039833386,-0.0017626307684641,23.617774403005388,1.6362554312048496,77,48,4.204697039833386,0.0017626307684641,23.617774403005388,1.6362554312048496,0.1912372049861992,0.1912372049861992,0.0,0.0,0.0,0.0,0.01,0.3578540017626046,0.30578688380814,2.464347764559117,0.7535652235440883,40.8,7.200000000000003
4.203789569367976,4.203789569367976,-0.0008562340924599,24.17781961485231,1.641119179218384,78,47,4.203789569367976,0.0008562340924599,24.17781961485231,1.641119179218384,0.1939649063403479,0.1939649063403479,0.0,0.0,0.0,0.0,0.01,0.33737088659795084,0.31489002642255653,2.4102772694312047,0.7589722730568794,39.949999999999996,7.050000000000004
4.201897793299824,4.201897793299824,-0.002656665165968,23.55302449077993,1.6315700789656966,79,46,4.201897793299824,0.002656665165968,23.55302449077993,1.6315700789656966,0.1911017801953221,0.1911017801953221,0.0,0.0,0.0,0.0,0.01,0.2946703596422543,0.3167467157480775,2.399539005856252,0.7600460994143746,39.1,6.899999999999999
4.20178017149305,4.20178017149305,-0.0047275485057571,23.15836420422582,1.621213282987236,80,45,4.20178017149305,0.0047275485057571,23.15836420422582,1.621213282987236,0.1929406486922925,0.1929406486922925,0.0,0.0,0.0,0.0,0.01,0.29201544016458075,0.31598332806803325,2.403942496071506,0.7596057503928494,38.25,6.75
4.202220537976551,4.202220537976551,-0.0006719149851051,23.26175935743409,1.6164273214762122,81,44,4.202220537976551,0.0006719149851051,23.26175935743409,1.6164273214762122,0.1922552962388709,0.1922552962388709,0.0,0.0,0.0,0.0,0.01,0.3019552428799588,0.31677318620946987,2.399386604246178,0.760061339575382,37.4,6.600000000000001
4.2013887453306085,4.2013887453306085,-0.0010236654599687,23.705879583857502,1.615823510161921,82,43,4.2013887453306085,0.0010236654599687,23.705879583857502,1.615823510161921,0.1929444206156086,0.1929444206156086,0.0,0.0,0.0,0.0,0.01,0.2831803017558282,0.3018384462081146,2.4885622802804037,0.7511437719719597,36.55,6.450000000000003
4.201596709029412,4.201596709029412,-0.0005623864358684,24.06482534257176,1.61672418029789,83,42,4.201596709029412,0.0005623864358684,24.06482534257176,1.61672418029789,0.1928175709530498,0.1928175709530498,0.0,0.0,0.0,0.0,0.01,0.28787438773993085,0.29193914643651053,2.5514164866968403,0.7448583513303161,35.699999999999996,6.300000000000004
4.201668680267049,4.201668680267049,-0.0039475108817455,23.95500402082536,1.6108655863730026,84,41,4.201668680267049,0.0039475108817455,23.95500402082536,1.6108655863730026,0.1938256582633356,0.1938256582633356,0.0,0.0,0.0,0.0,0.01,0.28949889807413437,0.2909048541228866,2.558167261043107,0.7441832738956894,34.85,6.149999999999999
4.202512585523171,4.202512585523171,-0.0010730784687314,23.71296646985381,1.6006603374309376,85,40,4.202512585523171,0.0010730784687314,23.71296646985381,1.6006603374309376,0.1935176611890871,0.1935176611890871,0.0,0.0,0.0,0.0,0.01,0.3085472409217703,0.2942112142743245,2.5367111938731353,0.7463288806126865,34.0,6.0
4.201472345711643,4.201472345711643,-0.0005606289090278,23.38046937634272,1.5959174487005665,86,39,4.201472345711643,0.0005606289090278,23.38046937634272,1.5959174487005665,0.1940834508198796,0.1940834508198796,0.0,0.0,0.0,0.0,0.01,0.28506730116551493,0.29083362593143575,2.558633478930574,0.7441366521069426,33.15,5.850000000000001
4.20121682733489,4.20121682733489,-0.0007411285189107,23.590060757882835,1.5962179519462243,87,38,4.20121682733489,0.0007411285189107,23.590060757882835,1.5962179519462243,0.191587867454274,0.191587867454274,0.0,0.0,0.0,0.0,0.01,0.27929982714049284,0.2900575310083687,2.563724375260287,0.7436275624739713,32.3,5.700000000000003
4.201188425441681,4.201188425441681,0.0009253175438547,23.98206918597125,1.5958065114633972,88,37,4.201188425441681,0.0009253175438547,23.98206918597125,1.5958065114633972,0.1946966477101538,0.1946966477101538,0.0,0.0,0.0,0.0,0.01,0.27865874925238276,0.288214403310859,2.5758961838395766,0.7424103816160423,31.45,5.550000000000001
4.201316437036837,4.201316437036837,0.0002762857829303,24.05889084283377,1.5906507821480704,89,36,4.201316437036837,0.0002762857829303,24.05889084283377,1.5906507821480704,0.1922355880369804,0.1922355880369804,0.0,0.0,0.0,0.0,0.01,0.2815481835050038,0.2866242603970329,2.5864905605589215,0.7413509439441079,30.599999999999998,5.400000000000002
4.2331462538907605,4.2331462538907605,-0.0021669465286576,23.850620264439623,1.6888211161855506,90,35,4.2331462538907605,0.0021669465286576,23.850620264439623,1.6888211161855506,0.1952492563614903,0.1952492563614903,0.0,0.0,0.0,0.0,0.01,1.0,0.42491481221267885,1.9050710262579362,0.8094928973742064,29.75,5.25
4.203917718634026,4.203917718634026,-0.0015923070016437,24.436141729208707,1.6259938279733204,91,34,4.203917718634026,0.0015923070016437,24.436141729208707,1.6259938279733204,0.1924444894985248,0.1924444894985248,0.0,0.0,0.0,0.0,0.01,0.34026342831121187,0.4359540376418183,1.865831638100853,0.8134168361899148,28.9,5.100000000000001
4.201783140660278,4.201783140660278,-0.0048659963779592,24.491627843389136,1.6157433862812898,92,33,4.201783140660278,0.0048659963779592,24.491627843389136,1.6157433862812898,0.1952678623121195,0.1952678623121195,0.0,0.0,0.0,0.0,0.01,0.2920824591989077,0.4385105640535012,1.856973784270367,0.8143026215729633,28.05,4.949999999999999
4.201329890079568,4.201329890079568,-0.0010007961899904,24.22889157546796,1.6056626764846538,93,32,4.201329890079568,0.0010007961899904,24.22889157546796,1.6056626764846538,0.1928150922684501,0.1928150922684501,0.0,0.0,0.0,0.0,0.01,0.28185184101681215,0.4391491824063872,1.8547742120959825,0.8145225787904017,27.2,4.800000000000001
4.200849613571161,4.200849613571161,-0.0042096988015403,24.003142454503458,1.5949746921524348,94,31,4.200849613571161,0.0042096988015403,24.003142454503458,1.5949746921524348,0.1949060652624875,0.1949060652624875,0.0,0.0,0.0,0.0,0.01,0.27101120277285007,0.4370417862599563,1.8620524986782827,0.8137947501321716,26.349999999999998,4.650000000000002
4.201463797740503,4.201463797740503,-0.003985918177393,23.887316172679235,1.5904102438871943,95,30,4.201463797740503,0.003985918177393,23.887316172679235,1.5904102438871943,0.1922636191735881,0.1922636191735881,0.0,0.0,0.0,0.0,0.01,0.2848743592638769,0.2940166581127317,2.5379637622171067,0.7462036237782893,25.5,4.5
4.201750207865124,4.201750207865124,-0.0034582819894629,23.935993772910926,1.5853517062988178,96,29,4.201750207865124,0.0034582819894629,23.935993772910926,1.5853517062988178,0.1952528854818642,0.1952528854818642,0.0,0.0,0.0,0.0,0.01,0.2913391113308015,0.2842317947166496,2.6025956564511965,0.7397404343548805,24.65,4.350000000000001
4.201226117420626,4.201226117420626,-0.0013593088521214,23.983462090671043,1.5799737147242376,97,28,4.201226117420626,0.0013593088521214,23.983462090671043,1.5799737147242376,0.1926359721460869,0.1926359721460869,0.0,0.0,0.0,0.0,0.01,0.2795095198007807,0.2817172068370242,2.6197404311065133,0.7380259568893486,23.8,4.199999999999999
4.20172950022185,4.20172950022185,-0.0015783218322446,24.001863345360867,1.5752185465278068,98,27,4.20172950022185,0.0015783218322446,24.001863345360867,1.5752185465278068,0.1942096858552677,0.1942096858552677,0.0,0.0,0.0,0.0,0.01,0.29087170543921526,0.28352117972150487,2.6074179285904187,0.739258207140958,22.95,4.050000000000001
4.201200470517945,4.201200470517945,-0.0023229250893871,23.973654052530293,1.569798484648868,99,26,4.201200470517945,0.0023229250893871,23.973654052530293,1.569798484648868,0.1927171183209868,0.1927171183209868,0.0,0.0,0.0,0.0,0.01,0.2789306266232512,0.28510506449158507,2.5966939731633962,0.7403306026836604,22.099999999999998,3.900000000000002
4.201289094579205,4.201289094579205,-0.0019062248230213,24.01135599553165,1.5702565375950357,100,25,4.201289094579205,0.0019062248230213,24.01135599553165,1.5702565375950357,0.1955781739191189,0.1955781739191189,0.0,0.0,0.0,0.0,0.01,0.28093101883693306,0.2843163964061963,2.6020227327045085,0.7397977267295492,21.25,3.75
4.200987543108535,4.200987543108535,-0.0051792299304087,24.014328583157496,1.565249873909438,101,24,4.200987543108535,0.0051792299304087,24.014328583157496,1.565249873909438,0.191706615869902,0.191706615869902,0.0,0.0,0.0,0.0,0.01,0.27412450144903466,0.280873474429843,2.6255438278997305,0.7374456172100271,20.4,3.6000000000000014
4.201468313659235,4.201468313659235,-0.0018719955657445,23.99715281582053,1.559633933561147,102,23,4.201468313659235,0.0018719955657445,23.99715281582053,1.559633933561147,0.1935374189646411,0.1935374189646411,0.0,0.0,0.0,0.0,0.01,0.2849762910478527,0.2819668286792574,2.618028386019126,0.7381971613980876,19.55,3.4499999999999993
4.1961027546611325,4.1961027546611325,-0.0009079348976872,24.075220529885144,1.5649820533392105,103,22,4.1961027546611325,0.0009079348976872,24.075220529885144,1.5649820533392105,0.1933876230205215,0.1933876230205215,0.0,0.0,0.0,0.0,0.01,0.16386671550776216,0.25656583069296673,2.804531208322887,0.7195468791677112,18.7,3.3000000000000007
4.205246397279064,4.205246397279064,-0.0057331389931784,24.773284683784794,1.57497949984227,104,21,4.205246397279064,0.0057331389931784,24.773284683784794,1.57497949984227,0.1950911386975927,0.1950911386975927,0.0,0.0,0.0,0.0,0.01,0.3702539114624829,0.2748304876608131,2.6678726328817404,0.7332127367118261,17.849999999999998,3.150000000000002
4.201413874880438,4.201413874880438,-0.0026145271578662,24.611723655521537,1.5652811168780458,105,20,4.201413874880438,0.0026145271578662,24.611723655521537,1.5652811168780458,0.1937236459294817,0.1937236459294817,0.0,0.0,0.0,0.0,0.01,0.2837475174204813,0.27539378737752274,2.663869338344507,0.7336130661655493,17.0,3.0
4.201648832380503,4.201648832380503,-0.0038180565904185,24.423639542020226,1.559755497470126,106,19,4.201648832380503,0.0038180565904185,24.423639542020226,1.559755497470126,0.1948685857785676,0.1948685857785676,0.0,0.0,0.0,0.0,0.01,0.28905089831944614,0.278379066751605,2.6428523347896284,0.7357147665210372,16.15,2.8500000000000014
4.199365579406469,4.199365579406469,-0.0035634406150446,24.19968791502018,1.549897685670499,107,18,4.199365579406469,0.0035634406150446,24.19968791502018,1.549897685670499,0.1951225223976537,0.1951225223976537,0.0,0.0,0.0,0.0,0.01,0.23751408759129827,0.2688866260602941,2.7108600023806533,0.7289139997619347,15.299999999999999,2.700000000000001
4.200859733656452,4.200859733656452,-0.0011245613338829,24.119745588729376,1.543877153134502,108,17,4.200859733656452,0.0011245613338829,24.119745588729376,1.543877153134502,0.1944941434562043,0.1944941434562043,0.0,0.0,0.0,0.0,0.01,0.2712396299012244,0.2903612089389866,2.561729949341098,0.7438270050658901,14.45,2.5500000000000007
4.20162098338246,4.20162098338246,-0.0017003694428097,24.459092848668902,1.5450187488690073,109,16,4.20162098338246,0.0017003694428097,24.459092848668902,1.5450187488690073,0.1931963528774439,0.1931963528774439,0.0,0.0,0.0,0.0,0.01,0.2884223001932534,0.27399488668514066,2.6738333479994374,0.7326166652000561,13.6,2.4000000000000004
4.201112398367318,4.201112398367318,-0.0001603164199506,24.609806274773607,1.5445940154102908,110,15,4.201112398367318,0.0001603164199506,24.609806274773607,1.5445940154102908,0.1954378201906829,0.1954378201906829,0.0,0.0,0.0,0.0,0.01,0.276942691948952,0.2726339215908348,2.6835989480797595,0.7316401051920239,12.75,2.25
4.200810741834928,4.200810741834928,-0.0012749370389958,24.347810363862536,1.5343086721758876,111,14,4.200810741834928,0.0012749370389958,24.347810363862536,1.5343086721758876,0.1923351112262049,0.1923351112262049,0.0,0.0,0.0,0.0,0.01,0.2701338031436076,0.26885050255566717,2.711125491415263,0.7288874508584736,11.9,2.0999999999999996
4.200351170622191,4.200351170622191,-0.0028175926072124,24.143346223120343,1.5287603942958483,112,13,4.200351170622191,0.0028175926072124,24.143346223120343,1.5287603942958483,0.1948926884991141,0.1948926884991141,0.0,0.0,0.0,0.0,0.01,0.25976051780190673,0.2732997885977888,2.6788121251186894,0.7321187874881312,11.049999999999999,1.950000000000001
4.201791474587699,4.201791474587699,-0.0005466664569433,24.39231898986203,1.5289260249179843,113,12,4.201791474587699,0.0005466664569433,24.39231898986203,1.5289260249179843,0.1925720270872162,0.1925720270872162,0.0,0.0,0.0,0.0,0.01,0.29227056977841864,0.2775059765732277,2.6489646841551986,0.7351035315844799,10.2,1.8000000000000007
4.20049747493448,4.20049747493448,-0.0033366155205643,24.67206702561961,1.529091650133123,114,11,4.20049747493448,0.0033366155205643,24.67206702561961,1.529091650133123,0.1945475532194577,0.1945475532194577,0.0,0.0,0.0,0.0,0.01,0.26306284905335986,0.27243408634524896,2.6850388744305027,0.7314961125569497,9.35,1.6500000000000004
4.200200522961112,4.200200522961112,-0.000191323964603,24.56852628281145,1.5239059324661248,115,10,4.200200522961112,0.000191323964603,24.56852628281145,1.5239059324661248,0.1924747162702058,0.1924747162702058,0.0,0.0,0.0,0.0,0.01,0.25636014995657064,0.2683175779467727,2.715048262357206,0.7284951737642794,8.5,1.5
4.200674971032527,4.200674971032527,0.0002680244099176,24.34305560390618,1.5186675419100617,116,9,4.200674971032527,0.0002680244099176,24.34305560390618,1.5186675419100617,0.1971192212369756,0.1971192212369756,0.0,0.0,0.0,0.0,0.01,0.2670692307000986,0.26770466345807087,2.7195738846375264,0.7280426115362475,7.6499999999999995,1.3500000000000005
4.200371214024706,4.200371214024706,-0.0017307804408303,24.10297581850801,1.5136482266426952,117,8,4.200371214024706,0.0017307804408303,24.10297581850801,1.5136482266426952,0.1964029654515226,0.1964029654515226,0.0,0.0,0.0,0.0,0.01,0.2602129306766475,0.26779514603301907,2.718904832719636,0.7281095167280363,6.8,1.2000000000000002
4.200965645223048,4.200965645223048,-0.0010894415610329,24.36377918362768,1.5136050185229033,118,7,4.200965645223048,0.0010894415610329,24.36377918362768,1.5136050185229033,0.200253766210401,0.200253766210401,0.0,0.0,0.0,0.0,0.01,0.27363022981445195,0.2640670780402257,2.7467465758865184,0.725325342411348,5.95,1.0499999999999998
4.20138339090339,4.20138339090339,-0.0038170892427254,24.75194443636669,1.5139470614867965,119,6,4.20138339090339,0.0038170892427254,24.75194443636669,1.5139470614867965,0.1976813803047359,0.1976813803047359,0.0,0.0,0.0,0.0,0.01,0.2830594434430486,0.2680663969181635,2.7169011036406614,0.7283098896359339,5.1,0.9000000000000004
4.192472918500566,4.192472918500566,-0.0046867564824493,24.961870263662043,1.5339599193158786,120,5,4.192472918500566,0.0046867564824493,24.961870263662043,1.5339599193158786,0.1989623383666179,0.1989623383666179,0.0,0.0,0.0,0.0,0.01,0.08193528639817127,0.23318142420648363,3.001367805488059,0.699863219451194,4.25,0.75
4.204602036514753,4.204602036514753,0.0030058963802608,24.95211336056763,1.5391372798653098,121,4,4.204602036514753,0.0030058963802608,24.95211336056763,1.5391372798653098,0.1970090523329981,0.1970090523329981,0.0,0.0,0.0,0.0,0.01,0.35570961911794746,0.2509095018900534,2.849737595060389,0.7150262404939609,3.4,0.6000000000000001
4.200867542772572,4.200867542772572,-0.0023857148110755,24.596043710176414,1.5236247972838737,122,3,4.200867542772572,0.0023857148110755,24.596043710176414,1.5236247972838737,0.1985523621199196,0.1985523621199196,0.0,0.0,0.0,0.0,0.01,0.2714158946182841,0.2531500946783807,2.8316571765631715,0.716834282343683,2.55,0.4500000000000002
4.201036137691208,4.201036137691208,-0.0031492709560067,24.21295183077047,1.5135813035589147,123,2,4.201036137691208,0.0031492709560067,24.21295183077047,1.5135813035589147,0.1972360174817464,0.1972360174817464,0.0,0.0,0.0,0.0,0.01,0.27522136186622453,0.2534683210887352,2.8291078445724662,0.7170892155427534,1.7,0.30000000000000004
4.200512464044564,4.200512464044564,-0.0002069639501227,24.08347032776052,1.5077850749847914,124,1,4.200512464044564,0.0002069639501227,24.08347032776052,1.5077850749847914,0.1982592718319549,0.1982592718319549,0.0,0.0,0.0,0.0,0.01,0.26340117815583025,0.24953666803129151,2.860930172597735,0.7139069827402266,0.85,0.15000000000000002
4.20075828356334,4.20075828356334,-0.0030882280867786,24.06336388722212,1.5031960676037333,125,0,4.20075828356334,0.0030882280867786,24.06336388722212,1.5031960676037333,0.1977156723273744,0.1977156723273744,0.0,0.0,0.0,0.0,0.01,0.2689497328523529,0.28693955732212784,2.584382963894018,0.7415617036105983,0.0,0.0
4.200439147859412,4.200439147859412,-0.0023587125984664,24.014672446811392,1.497822059699588,126,0,4.200439147859412,0.0023587125984664,24.014672446811392,1.497822059699588,0.1983598483772749,0.1983598483772749,0.0,0.0,0.0,0.0,0.01,0.2617463101230341,0.2681468955231452,2.716307028961842,0.7283692971038159,0.0,0.0
4.200175952944827,4.200175952944827,-0.0014137477569163,23.993235339666544,1.492848534633516,127,0,4.200175952944827,0.0014137477569163,23.993235339666544,1.492848534633516,0.1975125259926624,0.1975125259926624,0.0,0.0,0.0,0.0,0.01,0.2558055638930476,0.2650248293780979,2.739539668311675,0.7260460331688326,0.0,0.0
4.1998304414305805,4.1998304414305805,-0.0043695183262722,23.86413247301575,1.492414389867026,128,0,4.1998304414305805,0.0043695183262722,23.86413247301575,1.492414389867026,0.1986410912842051,0.1986410912842051,0.0,0.0,0.0,0.0,0.01,0.24800679533056882,0.25958191607096676,2.7810074848220143,0.7218992515177984,0.0,0.0
4.200431276110757,4.200431276110757,-0.0021585234776338,23.796556329674623,1.487482776538081,129,0,4.200431276110757,0.0021585234776338,23.796556329674623,1.487482776538081,0.1966960323716226,0.1966960323716226,0.0,0.0,0.0,0.0,0.01,0.2615686316856751,0.2592154067769357,2.7838449608064173,0.7216155039193581,0.0,0.0
4.200267835972742,4.200267835972742,-0.0035678949517591,23.78880285644337,1.482535148640411,130,0,4.200267835972742,0.0035678949517591,23.78880285644337,1.482535148640411,0.197719274925352,0.197719274925352,0.0,0.0,0.0,0.0,0.01,0.25787951639531165,0.2570013634855275,2.801109749936681,0.719889025006332,0.0,0.0
4.199800510212378,4.199800510212378,-0.0036442551204403,23.82871891762843,1.4827874322228984,131,0,4.199800510212378,0.0036442551204403,23.82871891762843,1.4827874322228984,0.1975564763671392,0.1975564763671392,0.0,0.0,0.0,0.0,0.01,0.24733119803805492,0.2541183410685316,2.823914731393347,0.7176085268606653,0.0,0.0
4.200436806124781,4.200436806124781,-0.0007665841313692,23.749697025149903,1.476971179775059,132,0,4.200436806124781,0.0007665841313692,23.749697025149903,1.476971179775059,0.2023637841368248,0.2023637841368248,0.0,0.0,0.0,0.0,0.01,0.26169345328421223,0.25529591894676457,2.8145552669571585,0.7185444733042841,0.0,0.0
4.192977250583526,4.192977250583526,0.0024042447038229,24.458054583078173,1.4819015554137276,133,0,4.192977250583526,0.0024042447038229,24.458054583078173,1.4819015554137276,0.201720910031694,0.201720910031694,0.0,0.0,0.0,0.0,0.01,0.09331889890158603,0.22435833966096802,3.0830099853305417,0.6916990014669457,0.0,0.0
4.203006821509607,4.203006821509607,-0.0004182817009614,24.575871874910508,1.4981366198874824,134,0,4.203006821509607,0.0004182817009614,24.575871874910508,1.4981366198874824,0.200488287750609,0.200488287750609,0.0,0.0,0.0,0.0,0.01,0.31970296776311014,0.23598520687645497,2.976321515154415,0.7023678484845586,0.0,0.0
4.2020493515195,4.2020493515195,-0.0018493110356319,24.33765923587198,1.4820775214392872,135,0,4.2020493515195,0.0018493110356319,24.33765923587198,1.4820775214392872,0.200278630345967,0.200278630345967,0.0,0.0,0.0,0.0,0.01,0.29809128030700904,0.2440275596587945,2.9067438695661387,0.709325613043386,0.0,0.0
4.200086642861885,4.200086642861885,-0.0046548852714165,24.08961725096772,1.4771155312812152,136,0,4.200086642861885,0.0046548852714165,24.08961725096772,1.4771155312812152,0.2009343771927109,0.2009343771927109,0.0,0.0,0.0,0.0,0.01,0.25378968703094845,0.24531925745737318,2.895870932200883,0.7104129067799118,0.0,0.0
4.199613315582274,4.199613315582274,0.0021959636917793,23.77234297368613,1.4720772783056488,137,0,4.199613315582274,0.0021959636917793,23.77234297368613,1.4720772783056488,0.1996309793438176,0.1996309793438176,0.0,0.0,0.0,0.0,0.01,0.24310590441939123,0.24160174768440895,2.92738549137593,0.7072614508624069,0.0,0.0
4.199843161074874,4.199843161074874,0.0019190547671286,24.13227395176533,1.472248013656454,138,0,4.199843161074874,0.0019190547671286,24.13227395176533,1.472248013656454,0.1993708829959148,0.1993708829959148,0.0,0.0,0.0,0.0,0.01,0.24829389882190728,0.27259674766847325,2.683866690349572,0.7316133309650427,0.0,0.0
4.199963386133198,4.199963386133198,0.0020532483076677,24.398489581288885,1.4670106672274663,139,0,4.199963386133198,0.0020532483076677,24.398489581288885,1.4670106672274663,0.2013826658803854,0.2013826658803854,0.0,0.0,0.0,0.0,0.01,0.25100757800949547,0.2588576697177503,2.786620112610447,0.7213379887389553,0.0,0.0
4.200169604165679,4.200169604165679,0.0025488236883237,24.15787591865575,1.461767249533538,140,0,4.200169604165679,0.0025488236883237,24.15787591865575,1.461767249533538,0.1995158900942713,0.1995158900942713,0.0,0.0,0.0,0.0,0.01,0.25566226140619785,0.2503718659375881,2.854110438702092,0.7145889561297909,0.0,0.0
4.199818547927513,4.199818547927513,-0.0029047199187194,23.833084099928943,1.4566952670489708,141,0,4.199818547927513,0.0029047199187194,23.833084099928943,1.4566952670489708,0.2012374011877116,0.2012374011877116,0.0,0.0,0.0,0.0,0.01,0.2477383392184013,0.24916159637507862,2.864003402383845,0.7135996597616155,0.0,0.0
4.199503884475213,4.199503884475213,-0.0024709946331151,23.613836363374315,1.451354972758956,142,0,4.199503884475213,0.0024709946331151,23.613836363374315,1.451354972758956,0.2011232732012648,0.2011232732012648,0.0,0.0,0.0,0.0,0.01,0.240635862634039,0.24866758801800817,2.8680612548028166,0.7131938745197184,0.0,0.0
4.199909919375289,4.199909919375289,-0.0032624238827231,23.88537512458738,1.451615926257375,143,0,4.199909919375289,0.0032624238827231,23.88537512458738,1.451615926257375,0.2031131233814973,0.2031131233814973,0.0,0.0,0.0,0.0,0.01,0.24980074450749207,0.24896895715512515,2.865584400836765,0.7134415599163235,0.0,0.0
4.199494444978369,4.199494444978369,0.0029628405126883,24.02645788368703,1.4468161332173683,144,0,4.199494444978369,0.0029628405126883,24.02645788368703,1.4468161332173683,0.2011695284987658,0.2011695284987658,0.0,0.0,0.0,0.0,0.01,0.24042279751697354,0.24685200105662072,2.8830740400911172,0.7116925959908883,0.0,0.0
4.200374694478377,4.200374694478377,-0.0018396755723439,23.75894434400727,1.4467570607768785,145,0,4.200374694478377,0.0018396755723439,23.75894434400727,1.4467570607768785,0.2026907151776057,0.2026907151776057,0.0,0.0,0.0,0.0,0.01,0.26029149029493454,0.2477778468343681,2.875398790068011,0.712460120993199,0.0,0.0
4.199552965128597,4.199552965128597,0.0007991507970824,23.458006651239486,1.4413797481446793,146,0,4.199552965128597,0.0007991507970824,23.458006651239486,1.4413797481446793,0.2012388117609077,0.2012388117609077,0.0,0.0,0.0,0.0,0.01,0.24174369447424773,0.24657891788553737,2.885345727607887,0.7114654272392112,0.0,0.0
4.1995329856924615,4.1995329856924615,-0.0019912919544533,23.320483522668614,1.4362456252208178,147,0,4.1995329856924615,0.0019912919544533,23.320483522668614,1.4362456252208178,0.2018976538339504,0.2018976538339504,0.0,0.0,0.0,0.0,0.01,0.24129272542689056,0.2467102904441077,2.8842524365777584,0.7115747563422241,0.0,0.0
4.199300346769649,4.199300346769649,-0.0005352725938349,23.67192071435474,1.4368154153924828,148,0,4.199300346769649,0.0005352725938349,23.67192071435474,1.4368154153924828,0.201264147119093,0.201264147119093,0.0,0.0,0.0,0.0,0.01,0.23604167866625272,0.24395847727585984,2.907327674898343,0.7092672325101659,0.0,0.0
4.200084247735837,4.200084247735837,-0.0024987283046145,23.703251528067923,1.4362945145860049,149,0,4.200084247735837,0.0024987283046145,23.703251528067923,1.4362945145860049,0.2017723817355358,0.2017723817355358,0.0,0.0,0.0,0.0,0.01,0.25373562505918246,0.24662104278430164,2.8849950711800516,0.7115004928819949,0.0,0.0
4.18985671710645,4.18985671710645,-0.0031003928099859,23.32719332912165,1.4418575315878015,150,0,4.18985671710645,0.0031003928099859,23.32719332912165,1.4418575315878015,0.1998120341184537,0.1998120341184537,0.0,0.0,0.0,0.0,0.01,0.022883277002529435,0.1991394001258206,3.3429230638939282,0.6657076936106071,0.0,0.0
4.202364184888896,4.202364184888896,0.0006906636056672,23.980156385315755,1.4672063484781797,151,0,4.202364184888896,0.0006906636056672,23.980156385315755,1.4672063484781797,0.20167727598856,0.20167727598856,0.0,0.0,0.0,0.0,0.01,0.3051975922023642,0.2118301796714439,3.2068736934110675,0.6793126306588934,0.0,0.0
4.199161217470434,4.199161217470434,-0.0041856611169352,23.91927093515108,1.4518640367848883,152,0,4.199161217470434,0.0041856611169352,23.91927093515108,1.4518640367848883,0.1988360233700233,0.1988360233700233,0.0,0.0,0.0,0.0,0.01,0.23290129937323165,0.21015189446071209,3.2242266381728424,0.6775773361827157,0.0,0.0
4.199571972228311,4.199571972228311,0.0026139024713906,23.75032311694057,1.44713797527485,153,0,4.199571972228311,0.0026139024713906,23.75032311694057,1.44713797527485,0.2018657936465985,0.2018657936465985,0.0,0.0,0.0,0.0,0.01,0.24217271627410145,0.21137810198228185,3.2115296279148824,0.6788470372085117,0.0,0.0
4.199909046615677,4.199909046615677,-0.0030287003927514,23.632274191626728,1.441790586562399,154,0,4.199909046615677,0.0030287003927514,23.632274191626728,1.441790586562399,0.2019635835454645,0.2019635835454645,0.0,0.0,0.0,0.0,0.01,0.24978104487394362,0.2105871859452341,3.2197078477549623,0.6780292152245038,0.0,0.0
4.1991089309985306,4.1991089309985306,-0.005335159533081,23.53981212995311,1.431630947911111,155,0,4.1991089309985306,0.005335159533081,23.53981212995311,1.431630947911111,0.2025968316132341,0.2025968316132341,0.0,0.0,0.0,0.0,0.01,0.23172110688613465,0.25235475192195517,2.838048854302084,0.7161951145697915,0.0,0.0
4.199049111453085,4.199049111453085,-0.0028111572773456,23.50487454690601,1.4318084249673686,156,0,4.199049111453085,0.0028111572773456,23.50487454690601,1.4318084249673686,0.2008236157212254,0.2008236157212254,0.0,0.0,0.0,0.0,0.01,0.23037088042127984,0.23738940956573823,2.9639341711618132,0.7036065828838186,0.0,0.0
4.199648027535327,4.199648027535327,-0.0012140078544291,23.54318689619068,1.4262562585106868,157,0,4.199648027535327,0.0012140078544291,23.54318689619068,1.4262562585106868,0.2029880392812279,0.2029880392812279,0.0,0.0,0.0,0.0,0.01,0.24388941083536972,0.23958703185816582,2.9447532037020383,0.7055246796297961,0.0,0.0
4.199193175738452,4.199193175738452,-0.0056214561046911,23.46586744951261,1.4260877528924911,158,0,4.199193175738452,0.0056214561046911,23.46586744951261,1.4260877528924911,0.1997722567904666,0.1997722567904666,0.0,0.0,0.0,0.0,0.01,0.23362265054579254,0.23787701871250405,2.9596567526567683,0.704034324734323,0.0,0.0
4.199053572226856,4.199053572226856,-0.0014742820181318,23.442353018738803,1.4212633510031694,159,0,4.199053572226856,0.0014742820181318,23.442353018738803,1.4212633510031694,0.2001994079827639,0.2001994079827639,0.0,0.0,0.0,0.0,0.01,0.23047156749195338,0.23401512323610602,2.9938764158685345,0.7006123584131465,0.0,0.0
4.199752520423331,4.199752520423331,-0.0001466865574273,23.504429518319206,1.4163272748795108,160,0,4.199752520423331,0.0001466865574273,23.504429518319206,1.4163272748795108,0.2027291849359733,0.2027291849359733,0.0,0.0,0.0,0.0,0.01,0.2462479888172174,0.23692049962232256,2.968059233917108,0.7031940766082893,0.0,0.0
4.198626890887624,4.198626890887624,-0.0009581873796415,23.53850573910616,1.4165781829175994,161,0,4.198626890887624,0.0009581873796415,23.53850573910616,1.4165781829175994,0.2000248942221464,0.2000248942221464,0.0,0.0,0.0,0.0,0.01,0.2208406612054797,0.23501445577916255,2.984945821738474,0.7015054178261526,0.0,0.0
4.199235005181635,4.199235005181635,-0.0018142577071189,23.597652622095254,1.4108401729425175,162,0,4.199235005181635,0.0018142577071189,23.597652622095254,1.4108401729425175,0.2023863129659747,0.2023863129659747,0.0,0.0,0.0,0.0,0.01,0.23456681053187523,0.23314993571846365,3.0016514871702515,0.699834851282975,0.0,0.0
4.198721860377262,4.198721860377262,-0.0049153103321446,23.51036215187022,1.4109949628347804,163,0,4.198721860377262,0.0049153103321446,23.51036215187022,1.4109949628347804,0.2006834234209681,0.2006834234209681,0.0,0.0,0.0,0.0,0.01,0.22298428027356784,0.23102226166401868,3.020944860243209,0.697905513975679,0.0,0.0
4.199365090380556,4.199365090380556,-0.0016931936497434,23.504698357399786,1.40617142903988,164,0,4.199365090380556,0.0016931936497434,23.504698357399786,1.40617142903988,0.2017359289283451,0.2017359289283451,0.0,0.0,0.0,0.0,0.01,0.2375030494644678,0.2324285580585216,3.0081651403245484,0.6991834859675451,0.0,0.0
4.198808934372819,4.198808934372819,-0.0008109515459505,23.555518771498985,1.4063358479692922,165,0,4.198808934372819,0.0008109515459505,23.555518771498985,1.4063358479692922,0.2025509479733837,0.2025509479733837,0.0,0.0,0.0,0.0,0.01,0.2249496849306078,0.22816889728119966,3.0472113850055846,0.6952788614994414,0.0,0.0
4.198421699164089,4.198421699164089,0.0017032344350931,23.595817643467868,1.4004552399066514,166,0,4.198421699164089,0.0017032344350931,23.595817643467868,1.4004552399066514,0.2009676930837962,0.2009676930837962,0.0,0.0,0.0,0.0,0.01,0.21620914330577162,0.22724259370125804,3.0558369211341314,0.6944163078865867,0.0,0.0
4.188842911449222,4.188842911449222,-0.0016661755922331,24.49138929973152,1.4217865046055154,167,0,4.188842911449222,0.0016661755922331,24.49138929973152,1.4217865046055154,0.2014413254342575,0.2014413254342575,0.0,0.0,0.0,0.0,0.01,0.0,0.180329231594883,3.567234120789612,0.6432765879210388,0.0,0.0
4.205067189469255,4.205067189469255,-0.0031823081133539,24.737923198971707,1.4324552720625434,168,0,4.205067189469255,0.0031823081133539,24.737923198971707,1.4324552720625434,0.202167310646647,0.202167310646647,0.0,0.0,0.0,0.0,0.01,0.3662088936391712,0.2089741542680037,3.236516667127444,0.6763483332872556,0.0,0.0
